district_id,state,district_number,region,pvi,incumbent,incumbent_party,open_seat,margin_2024,pvi_source,pvi_source_url,pvi_effective_date,lean_quality,cook_rating,cook_pvi_string
AK-01,AK,1,Mountain,-6.0,Nick Begich,R,False,-1.0400000000000063,Cook PVI current 2026 district map,https://www.cookpolitical.com/races,2026-08-12,partisan_lean,Likely R,R+6
AL-01,AL,1,Deep_South,-17.0,OPEN,,True,-56.96000000000001,Cook PVI current 2026 district map,https://www.cookpolitical.com/races,2026-08-12,partisan_lean,Solid R,R+17
AL-02,AL,2,Deep_South,-7.0,Shomari Figures,D,False,9.200000000000003,Cook PVI current 2026 district map,https://www.cookpolitical.com/races,2026-08-12,partisan_lean,Likely R,R+7
AL-03,AL,3,Deep_South,-23.0,Mike Rogers,R,False,-100.0,Cook PVI current 2026 district map,https://www.cookpolitical.com/races,2026-08-12,partisan_lean,Solid R,R+23
AL-04,AL,4,Deep_South,-33.0,Robert Aderholt,R,False,-100.0,Cook PVI current 2026 district map,https://www.cookpolitical.com/races,2026-08-12,partisan_lean,Solid R,R+33
AL-05,AL,5,Deep_South,-15.0,Dale Strong,R,False,-100.0,Cook PVI current 2026 district map,https://www.cookpolitical.com/races,2026-08-12,partisan_lean,Solid R,R+15
AL-06,AL,6,Deep_South,-17.0,Gary Palmer,R,False,-40.800000000000004,Cook PVI current 2026 district map,https://www.cookpolitical.com/races,2026-08-12,partisan_lean,Solid R,R+17
AL-07,AL,7,Deep_South,10.0,Terri Sewell,D,False,27.439999999999998,Cook PVI current 2026 district map,https://www.cookpolitical.com/races,2026-08-12,partisan_lean,Solid D,D+10
AR-01,AR,1,Deep_South,-23.0,Rick Crawford,R,False,-50.46000000000001,Cook PVI current 2026 district map,https://www.cookpolitical.com/races,2026-08-12,partisan_lean,Solid R,R+23
AR-02,AR,2,Deep_South,-8.0,French Hill,R,False,-17.86,Cook PVI current 2026 district map,https://www.cookpolitical.com/races,2026-08-12,partisan_lean,Solid R,R+8
AR-03,AR,3,Deep_South,-13.0,Steve Womack,R,False,-33.52,Cook PVI current 2026 district map,https://www.cookpolitical.com/races,2026-08-12,partisan_lean,Solid R,R+13
AR-04,AR,4,Deep_South,-20.0,Bruce Westerman,R,False,-45.81999999999999,Cook PVI current 2026 district map,https://www.cookpolitical.com/races,2026-08-12,partisan_lean,Solid R,R+20
AZ-01,AZ,1,Southwest,-1.0,OPEN,,True,-3.819999999999993,Cook PVI current 2026 district map,https://www.cookpolitical.com/races,2026-08-12,partisan_lean,Toss Up,R+1
AZ-02,AZ,2,Southwest,-7.0,Eli Crane,R,False,-8.959999999999994,Cook PVI current 2026 district map,https://www.cookpolitical.com/races,2026-08-12,partisan_lean,Likely R,R+7
AZ-03,AZ,3,Southwest,22.0,Yassamin Ansari,D,False,45.47999999999999,Cook PVI current 2026 district map,https://www.cookpolitical.com/races,2026-08-12,partisan_lean,Solid D,D+22
AZ-04,AZ,4,Southwest,4.0,Greg Stanton,D,False,7.420000000000002,Cook PVI current 2026 district map,https://www.cookpolitical.com/races,2026-08-12,partisan_lean,Solid D,D+4
AZ-05,AZ,5,Southwest,-10.0,OPEN,,True,-20.78,Cook PVI current 2026 district map,https://www.cookpolitical.com/races,2026-08-12,partisan_lean,Solid R,R+10
AZ-06,AZ,6,Southwest,-0.0,Juan Ciscomani,R,False,-2.5799999999999983,Cook PVI current 2026 district map,https://www.cookpolitical.com/races,2026-08-12,partisan_lean,Toss Up,EVEN
AZ-07,AZ,7,Southwest,13.0,Adelita Grijalva,D,False,26.900000000000006,Cook PVI current 2026 district map,https://www.cookpolitical.com/races,2026-08-12,partisan_lean,Solid D,D+13
AZ-08,AZ,8,Southwest,-8.0,Abe Hamadeh,R,False,-13.0,Cook PVI current 2026 district map,https://www.cookpolitical.com/races,2026-08-12,partisan_lean,Solid R,R+8
AZ-09,AZ,9,Southwest,-15.0,Paul Gosar,R,False,-30.599999999999994,Cook PVI current 2026 district map,https://www.cookpolitical.com/races,2026-08-12,partisan_lean,Solid R,R+15
CA-01,CA,1,Pacific,7.0,James Gallagher,R,False,-30.680000000000007,Cook PVI current 2026 district map,https://www.cookpolitical.com/races,2026-08-12,partisan_lean,Solid D,D+7
CA-02,CA,2,Pacific,13.0,Jared Huffman,D,False,43.75999999999999,Cook PVI current 2026 district map,https://www.cookpolitical.com/races,2026-08-12,partisan_lean,Solid D,D+13
CA-03,CA,3,Pacific,6.0,Ami Bera,D,False,-10.939999999999998,Cook PVI current 2026 district map,https://www.cookpolitical.com/races,2026-08-12,partisan_lean,Solid D,D+6
CA-04,CA,4,Pacific,8.0,Mike Thompson,D,False,32.919999999999995,Cook PVI current 2026 district map,https://www.cookpolitical.com/races,2026-08-12,partisan_lean,Solid D,D+8
CA-05,CA,5,Pacific,-10.0,Tom McClintock,R,False,-23.540000000000006,Cook PVI current 2026 district map,https://www.cookpolitical.com/races,2026-08-12,partisan_lean,Solid R,R+10
CA-06,CA,6,Pacific,5.0,Kevin Kiley,I,False,15.239999999999995,Cook PVI current 2026 district map,https://www.cookpolitical.com/races,2026-08-12,partisan_lean,Solid D,D+5
CA-07,CA,7,Pacific,7.0,Doris Matsui,D,False,33.5,Cook PVI current 2026 district map,https://www.cookpolitical.com/races,2026-08-12,partisan_lean,Solid D,D+7
CA-08,CA,8,Pacific,19.0,John Garamendi,D,False,47.94,Cook PVI current 2026 district map,https://www.cookpolitical.com/races,2026-08-12,partisan_lean,Solid D,D+19
CA-09,CA,9,Pacific,8.0,Josh Harder,D,False,3.5799999999999983,Cook PVI current 2026 district map,https://www.cookpolitical.com/races,2026-08-12,partisan_lean,Solid D,D+8
CA-10,CA,10,Pacific,18.0,Mark DeSaulnier,D,False,32.94,Cook PVI current 2026 district map,https://www.cookpolitical.com/races,2026-08-12,partisan_lean,Solid D,D+18
CA-11,CA,11,Pacific,36.0,OPEN,,True,62.06,Cook PVI current 2026 district map,https://www.cookpolitical.com/races,2026-08-12,partisan_lean,Solid D,D+36
CA-12,CA,12,Pacific,39.0,Lateefah Simon,D,False,100.0,Cook PVI current 2026 district map,https://www.cookpolitical.com/races,2026-08-12,partisan_lean,Solid D,D+39
CA-13,CA,13,Pacific,2.0,Adam Gray,D,False,0.0799999999999983,Cook PVI current 2026 district map,https://www.cookpolitical.com/races,2026-08-12,partisan_lean,Lean D,D+2
CA-14,CA,14,Pacific,19.0,VACANT,,True,35.5,Cook PVI current 2026 district map,https://www.cookpolitical.com/races,2026-08-12,partisan_lean,Solid D,D+19
CA-15,CA,15,Pacific,26.0,Kevin Mullin,D,False,46.199999999999996,Cook PVI current 2026 district map,https://www.cookpolitical.com/races,2026-08-12,partisan_lean,Solid D,D+26
CA-16,CA,16,Pacific,25.0,Sam Liccardo,D,False,100.0,Cook PVI current 2026 district map,https://www.cookpolitical.com/races,2026-08-12,partisan_lean,Solid D,D+25
CA-17,CA,17,Pacific,21.0,Ro Khanna,D,False,35.31999999999999,Cook PVI current 2026 district map,https://www.cookpolitical.com/races,2026-08-12,partisan_lean,Solid D,D+21
CA-18,CA,18,Pacific,16.0,Zoe Lofgren,D,False,29.259999999999998,Cook PVI current 2026 district map,https://www.cookpolitical.com/races,2026-08-12,partisan_lean,Solid D,D+16
CA-19,CA,19,Pacific,18.0,Jimmy Panetta,D,False,38.599999999999994,Cook PVI current 2026 district map,https://www.cookpolitical.com/races,2026-08-12,partisan_lean,Solid D,D+18
CA-20,CA,20,Pacific,-16.0,Vince Fong,R,False,-100.0,Cook PVI current 2026 district map,https://www.cookpolitical.com/races,2026-08-12,partisan_lean,Solid R,R+16
CA-21,CA,21,Pacific,5.0,Jim Costa,D,False,5.140000000000001,Cook PVI current 2026 district map,https://www.cookpolitical.com/races,2026-08-12,partisan_lean,Likely D,D+5
CA-22,CA,22,Pacific,1.0,David Valadao,R,False,-6.840000000000003,Cook PVI current 2026 district map,https://www.cookpolitical.com/races,2026-08-12,partisan_lean,Toss Up,D+1
CA-23,CA,23,Pacific,-9.0,Jay Obernolte,R,False,-20.28,Cook PVI current 2026 district map,https://www.cookpolitical.com/races,2026-08-12,partisan_lean,Solid R,R+9
CA-24,CA,24,Pacific,13.0,Salud Carbajal,D,False,25.400000000000006,Cook PVI current 2026 district map,https://www.cookpolitical.com/races,2026-08-12,partisan_lean,Solid D,D+13
CA-25,CA,25,Pacific,4.0,Raul Ruiz,D,False,12.5,Cook PVI current 2026 district map,https://www.cookpolitical.com/races,2026-08-12,partisan_lean,Solid D,D+4
CA-26,CA,26,Pacific,9.0,OPEN,,True,12.099999999999994,Cook PVI current 2026 district map,https://www.cookpolitical.com/races,2026-08-12,partisan_lean,Solid D,D+9
CA-27,CA,27,Pacific,6.0,George T. Whitesides,D,False,2.6599999999999966,Cook PVI current 2026 district map,https://www.cookpolitical.com/races,2026-08-12,partisan_lean,Solid D,D+6
CA-28,CA,28,Pacific,14.0,Judy Chu,D,False,29.860000000000007,Cook PVI current 2026 district map,https://www.cookpolitical.com/races,2026-08-12,partisan_lean,Solid D,D+14
CA-29,CA,29,Pacific,19.0,Luz Rivas,D,False,39.56,Cook PVI current 2026 district map,https://www.cookpolitical.com/races,2026-08-12,partisan_lean,Solid D,D+19
CA-30,CA,30,Pacific,21.0,Laura Friedman,D,False,36.75999999999999,Cook PVI current 2026 district map,https://www.cookpolitical.com/races,2026-08-12,partisan_lean,Solid D,D+21
CA-31,CA,31,Pacific,8.0,Gil Cisneros,D,False,19.459999999999994,Cook PVI current 2026 district map,https://www.cookpolitical.com/races,2026-08-12,partisan_lean,Solid D,D+8
CA-32,CA,32,Pacific,14.0,Brad Sherman,D,False,32.400000000000006,Cook PVI current 2026 district map,https://www.cookpolitical.com/races,2026-08-12,partisan_lean,Solid D,D+14
CA-33,CA,33,Pacific,7.0,Pete Aguilar,D,False,17.620000000000005,Cook PVI current 2026 district map,https://www.cookpolitical.com/races,2026-08-12,partisan_lean,Solid D,D+7
CA-34,CA,34,Pacific,28.0,Jimmy Gomez,D,False,100.0,Cook PVI current 2026 district map,https://www.cookpolitical.com/races,2026-08-12,partisan_lean,Solid D,D+28
CA-35,CA,35,Pacific,6.0,Norma Torres,D,False,16.819999999999993,Cook PVI current 2026 district map,https://www.cookpolitical.com/races,2026-08-12,partisan_lean,Solid D,D+6
CA-36,CA,36,Pacific,21.0,Ted Lieu,D,False,37.44,Cook PVI current 2026 district map,https://www.cookpolitical.com/races,2026-08-12,partisan_lean,Solid D,D+21
CA-37,CA,37,Pacific,33.0,Sydney Kamlager-Dove,D,False,100.0,Cook PVI current 2026 district map,https://www.cookpolitical.com/races,2026-08-12,partisan_lean,Solid D,D+33
CA-38,CA,38,Pacific,8.0,OPEN,,True,19.680000000000007,Cook PVI current 2026 district map,https://www.cookpolitical.com/races,2026-08-12,partisan_lean,Solid D,D+8
CA-39,CA,39,Pacific,7.0,Mark Takano,D,False,13.379999999999995,Cook PVI current 2026 district map,https://www.cookpolitical.com/races,2026-08-12,partisan_lean,Solid D,D+7
CA-40,CA,40,Pacific,-6.0,MERGED SEAT,,False,-10.519999999999996,Cook PVI current 2026 district map,https://www.cookpolitical.com/races,2026-08-12,partisan_lean,Solid R,R+6
CA-41,CA,41,Pacific,9.0,Linda Sánchez,D,False,-3.3799999999999955,Cook PVI current 2026 district map,https://www.cookpolitical.com/races,2026-08-12,partisan_lean,Solid D,D+9
CA-42,CA,42,Pacific,8.0,Robert Garcia,D,False,36.28,Cook PVI current 2026 district map,https://www.cookpolitical.com/races,2026-08-12,partisan_lean,Solid D,D+8
CA-43,CA,43,Pacific,27.0,Maxine Waters,D,False,50.13999999999999,Cook PVI current 2026 district map,https://www.cookpolitical.com/races,2026-08-12,partisan_lean,Solid D,D+27
CA-44,CA,44,Pacific,20.0,Nanette Barragan,D,False,42.74000000000001,Cook PVI current 2026 district map,https://www.cookpolitical.com/races,2026-08-12,partisan_lean,Solid D,D+20
CA-45,CA,45,Pacific,3.0,Derek Tran,D,False,0.20000000000000284,Cook PVI current 2026 district map,https://www.cookpolitical.com/races,2026-08-12,partisan_lean,Likely D,D+3
CA-46,CA,46,Pacific,10.0,Lou Correa,D,False,26.86,Cook PVI current 2026 district map,https://www.cookpolitical.com/races,2026-08-12,partisan_lean,Solid D,D+10
CA-47,CA,47,Pacific,6.0,Dave Min,D,False,2.8799999999999955,Cook PVI current 2026 district map,https://www.cookpolitical.com/races,2026-08-12,partisan_lean,Solid D,D+6
CA-48,CA,48,Pacific,2.0,OPEN,,True,-18.58,Cook PVI current 2026 district map,https://www.cookpolitical.com/races,2026-08-12,partisan_lean,Lean D,D+2
CA-49,CA,49,Pacific,7.0,Mike Levin,D,False,4.340000000000003,Cook PVI current 2026 district map,https://www.cookpolitical.com/races,2026-08-12,partisan_lean,Solid D,D+7
CA-50,CA,50,Pacific,10.0,Scott Peters,D,False,28.54,Cook PVI current 2026 district map,https://www.cookpolitical.com/races,2026-08-12,partisan_lean,Solid D,D+10
CA-51,CA,51,Pacific,10.0,Sara Jacobs,D,False,21.400000000000006,Cook PVI current 2026 district map,https://www.cookpolitical.com/races,2026-08-12,partisan_lean,Solid D,D+10
CA-52,CA,52,Pacific,11.0,Juan Vargas,D,False,32.620000000000005,Cook PVI current 2026 district map,https://www.cookpolitical.com/races,2026-08-12,partisan_lean,Solid D,D+11
CO-01,CO,1,Southwest,29.0,OPEN,,True,56.02000000000001,Cook PVI current 2026 district map,https://www.cookpolitical.com/races,2026-08-12,partisan_lean,Solid D,D+29
CO-02,CO,2,Southwest,20.0,Joe Neguse,D,False,40.52000000000001,Cook PVI current 2026 district map,https://www.cookpolitical.com/races,2026-08-12,partisan_lean,Solid D,D+20
CO-03,CO,3,Southwest,-5.0,Jeff Hurd,R,False,-5.159999999999997,Cook PVI current 2026 district map,https://www.cookpolitical.com/races,2026-08-12,partisan_lean,Solid R,R+5
CO-04,CO,4,Southwest,-9.0,Lauren Boebert,R,False,-12.120000000000005,Cook PVI current 2026 district map,https://www.cookpolitical.com/races,2026-08-12,partisan_lean,Solid R,R+9
CO-05,CO,5,Southwest,-5.0,Jeff Crank,R,False,-14.439999999999998,Cook PVI current 2026 district map,https://www.cookpolitical.com/races,2026-08-12,partisan_lean,Likely R,R+5
CO-06,CO,6,Southwest,11.0,Jason Crow,D,False,21.060000000000002,Cook PVI current 2026 district map,https://www.cookpolitical.com/races,2026-08-12,partisan_lean,Solid D,D+11
CO-07,CO,7,Southwest,8.0,Brittany Pettersen,D,False,14.700000000000003,Cook PVI current 2026 district map,https://www.cookpolitical.com/races,2026-08-12,partisan_lean,Solid D,D+8
CO-08,CO,8,Southwest,-0.0,Gabe Evans,R,False,-0.7600000000000051,Cook PVI current 2026 district map,https://www.cookpolitical.com/races,2026-08-12,partisan_lean,Toss Up,EVEN
CT-01,CT,1,Mid_Atlantic_Northeast,12.0,John B. Larson,D,False,26.439999999999998,Cook PVI current 2026 district map,https://www.cookpolitical.com/races,2026-08-12,partisan_lean,Solid D,D+12
CT-02,CT,2,Mid_Atlantic_Northeast,4.0,Joe Courtney,D,False,16.040000000000006,Cook PVI current 2026 district map,https://www.cookpolitical.com/races,2026-08-12,partisan_lean,Solid D,D+4
CT-03,CT,3,Mid_Atlantic_Northeast,8.0,Rosa DeLauro,D,False,19.64,Cook PVI current 2026 district map,https://www.cookpolitical.com/races,2026-08-12,partisan_lean,Solid D,D+8
CT-04,CT,4,Mid_Atlantic_Northeast,13.0,Jim Himes,D,False,24.099999999999994,Cook PVI current 2026 district map,https://www.cookpolitical.com/races,2026-08-12,partisan_lean,Solid D,D+13
CT-05,CT,5,Mid_Atlantic_Northeast,3.0,Jahana Hayes,D,False,4.280000000000001,Cook PVI current 2026 district map,https://www.cookpolitical.com/races,2026-08-12,partisan_lean,Solid D,D+3
DE-01,DE,1,Mid_Atlantic_Northeast,8.0,Sarah McBride,D,False,15.719999999999999,Cook PVI current 2026 district map,https://www.cookpolitical.com/races,2026-08-12,partisan_lean,Solid D,D+8
FL-01,FL,1,Southeast,-18.0,Jimmy Patronis,R,False,-32.080000000000005,Cook PVI current 2026 district map,https://www.cookpolitical.com/races,2026-08-12,partisan_lean,Solid R,R+18
FL-02,FL,2,Southeast,-8.0,OPEN,,True,-23.28,Cook PVI current 2026 district map,https://www.cookpolitical.com/races,2026-08-12,partisan_lean,Solid R,R+8
FL-03,FL,3,Southeast,-10.0,Kat Cammack,R,False,-23.22,Cook PVI current 2026 district map,https://www.cookpolitical.com/races,2026-08-12,partisan_lean,Solid R,R+10
FL-04,FL,4,Southeast,-5.0,Aaron Bean,R,False,-14.540000000000006,Cook PVI current 2026 district map,https://www.cookpolitical.com/races,2026-08-12,partisan_lean,Solid R,R+5
FL-05,FL,5,Southeast,-10.0,John Rutherford,R,False,-26.159999999999997,Cook PVI current 2026 district map,https://www.cookpolitical.com/races,2026-08-12,partisan_lean,Solid R,R+10
FL-06,FL,6,Southeast,-14.0,Randy Fine,R,False,-33.080000000000005,Cook PVI current 2026 district map,https://www.cookpolitical.com/races,2026-08-12,partisan_lean,Solid R,R+14
FL-07,FL,7,Southeast,-5.0,Cory Mills,R,False,-13.060000000000002,Cook PVI current 2026 district map,https://www.cookpolitical.com/races,2026-08-12,partisan_lean,Likely R,R+5
FL-08,FL,8,Southeast,-8.0,Mike Haridopolos,R,False,-24.480000000000004,Cook PVI current 2026 district map,https://www.cookpolitical.com/races,2026-08-12,partisan_lean,Solid R,R+8
FL-09,FL,9,Southeast,-8.0,Darren Soto,D,False,12.840000000000003,Cook PVI current 2026 district map,https://www.cookpolitical.com/races,2026-08-12,partisan_lean,Likely R,R+8
FL-10,FL,10,Southeast,13.0,Maxwell Frost,D,False,24.739999999999995,Cook PVI current 2026 district map,https://www.cookpolitical.com/races,2026-08-12,partisan_lean,Solid D,D+13
FL-11,FL,11,Southeast,-7.0,OPEN,,True,-20.760000000000005,Cook PVI current 2026 district map,https://www.cookpolitical.com/races,2026-08-12,partisan_lean,Solid R,R+7
FL-12,FL,12,Southeast,-7.0,Gus Bilirakis,R,False,-42.080000000000005,Cook PVI current 2026 district map,https://www.cookpolitical.com/races,2026-08-12,partisan_lean,Solid R,R+7
FL-13,FL,13,Southeast,-6.0,Anna Paulina Luna,R,False,-9.64,Cook PVI current 2026 district map,https://www.cookpolitical.com/races,2026-08-12,partisan_lean,Likely R,R+6
FL-14,FL,14,Southeast,-4.0,Kathy Castor,D,False,15.579999999999998,Cook PVI current 2026 district map,https://www.cookpolitical.com/races,2026-08-12,partisan_lean,Lean R,R+4
FL-15,FL,15,Southeast,-9.0,Laurel Lee,R,False,-12.36,Cook PVI current 2026 district map,https://www.cookpolitical.com/races,2026-08-12,partisan_lean,Solid R,R+9
FL-16,FL,16,Southeast,-6.0,OPEN,,True,-18.959999999999994,Cook PVI current 2026 district map,https://www.cookpolitical.com/races,2026-08-12,partisan_lean,Solid R,R+6
FL-17,FL,17,Southeast,-10.0,Greg Steube,R,False,-27.799999999999997,Cook PVI current 2026 district map,https://www.cookpolitical.com/races,2026-08-12,partisan_lean,Solid R,R+10
FL-18,FL,18,Southeast,-8.0,Scott Franklin,R,False,-30.599999999999994,Cook PVI current 2026 district map,https://www.cookpolitical.com/races,2026-08-12,partisan_lean,Solid R,R+8
FL-19,FL,19,Southeast,-14.0,OPEN,,True,-32.63999999999999,Cook PVI current 2026 district map,https://www.cookpolitical.com/races,2026-08-12,partisan_lean,Solid R,R+14
FL-20,FL,20,Southeast,20.0,Debbie Wasserman Schultz,D,False,100.0,Cook PVI current 2026 district map,https://www.cookpolitical.com/races,2026-08-12,partisan_lean,Solid D,D+20
FL-21,FL,21,Southeast,-7.0,Brian Mast,R,False,-23.64,Cook PVI current 2026 district map,https://www.cookpolitical.com/races,2026-08-12,partisan_lean,Solid R,R+7
FL-22,FL,22,Southeast,-4.0,OPEN,,True,9.920000000000002,Cook PVI current 2026 district map,https://www.cookpolitical.com/races,2026-08-12,partisan_lean,Lean R,R+4
FL-23,FL,23,Southeast,9.0,Lois Frankel,D,False,4.900000000000006,Cook PVI current 2026 district map,https://www.cookpolitical.com/races,2026-08-12,partisan_lean,Solid D,D+9
FL-24,FL,24,Southeast,22.0,OPEN,,True,36.47999999999999,Cook PVI current 2026 district map,https://www.cookpolitical.com/races,2026-08-12,partisan_lean,Solid D,D+22
FL-25,FL,25,Southeast,-3.0,Jared Moskowitz,D,False,8.959999999999994,Cook PVI current 2026 district map,https://www.cookpolitical.com/races,2026-08-12,partisan_lean,Toss Up,R+3
FL-26,FL,26,Southeast,-7.0,Mario Díaz-Balart,R,False,-41.84,Cook PVI current 2026 district map,https://www.cookpolitical.com/races,2026-08-12,partisan_lean,Solid R,R+7
FL-27,FL,27,Southeast,-6.0,Maria Elvira Salazar,R,False,-20.760000000000005,Cook PVI current 2026 district map,https://www.cookpolitical.com/races,2026-08-12,partisan_lean,Likely R,R+6
FL-28,FL,28,Southeast,-10.0,Carlos A. Giménez,R,False,-29.139999999999993,Cook PVI current 2026 district map,https://www.cookpolitical.com/races,2026-08-12,partisan_lean,Solid R,R+10
GA-01,GA,1,Southeast,-8.0,OPEN,,True,-23.959999999999994,Cook PVI current 2026 district map,https://www.cookpolitical.com/races,2026-08-12,partisan_lean,Solid R,R+8
GA-02,GA,2,Southeast,4.0,Sanford Bishop,D,False,12.659999999999997,Cook PVI current 2026 district map,https://www.cookpolitical.com/races,2026-08-12,partisan_lean,Solid D,D+4
GA-03,GA,3,Southeast,-15.0,Brian Jack,R,False,-32.620000000000005,Cook PVI current 2026 district map,https://www.cookpolitical.com/races,2026-08-12,partisan_lean,Solid R,R+15
GA-04,GA,4,Southeast,27.0,Hank Johnson,D,False,51.16,Cook PVI current 2026 district map,https://www.cookpolitical.com/races,2026-08-12,partisan_lean,Solid D,D+27
GA-05,GA,5,Southeast,36.0,Nikema Williams,D,False,71.36000000000001,Cook PVI current 2026 district map,https://www.cookpolitical.com/races,2026-08-12,partisan_lean,Solid D,D+36
GA-06,GA,6,Southeast,25.0,Lucy McBath,D,False,49.36000000000001,Cook PVI current 2026 district map,https://www.cookpolitical.com/races,2026-08-12,partisan_lean,Solid D,D+25
GA-07,GA,7,Southeast,-11.0,Rich McCormick,R,False,-29.699999999999996,Cook PVI current 2026 district map,https://www.cookpolitical.com/races,2026-08-12,partisan_lean,Solid R,R+11
GA-08,GA,8,Southeast,-15.0,Austin Scott,R,False,-37.84,Cook PVI current 2026 district map,https://www.cookpolitical.com/races,2026-08-12,partisan_lean,Solid R,R+15
GA-09,GA,9,Southeast,-17.0,Andrew Clyde,R,False,-38.0,Cook PVI current 2026 district map,https://www.cookpolitical.com/races,2026-08-12,partisan_lean,Solid R,R+17
GA-10,GA,10,Southeast,-11.0,OPEN,,True,-26.099999999999994,Cook PVI current 2026 district map,https://www.cookpolitical.com/races,2026-08-12,partisan_lean,Solid R,R+11
GA-11,GA,11,Southeast,-12.0,OPEN,,True,-34.620000000000005,Cook PVI current 2026 district map,https://www.cookpolitical.com/races,2026-08-12,partisan_lean,Solid R,R+12
GA-12,GA,12,Southeast,-7.0,Rick Allen,R,False,-20.64,Cook PVI current 2026 district map,https://www.cookpolitical.com/races,2026-08-12,partisan_lean,Solid R,R+7
GA-13,GA,13,Southeast,21.0,VACANT,,True,43.66,Cook PVI current 2026 district map,https://www.cookpolitical.com/races,2026-08-12,partisan_lean,Solid D,D+21
GA-14,GA,14,Southeast,-19.0,Clay Fuller,R,False,-28.740000000000002,Cook PVI current 2026 district map,https://www.cookpolitical.com/races,2026-08-12,partisan_lean,Solid R,R+19
HI-01,HI,1,Pacific,13.0,Ed Case,D,False,43.68000000000001,Cook PVI current 2026 district map,https://www.cookpolitical.com/races,2026-08-12,partisan_lean,Solid D,D+13
HI-02,HI,2,Pacific,12.0,Jill Tokuda,D,False,37.56,Cook PVI current 2026 district map,https://www.cookpolitical.com/races,2026-08-12,partisan_lean,Solid D,D+12
IA-01,IA,1,Rust_Belt,-4.0,Mariannette Miller-Meeks,R,False,-0.20000000000000284,Cook PVI current 2026 district map,https://www.cookpolitical.com/races,2026-08-12,partisan_lean,Toss Up,R+4
IA-02,IA,2,Rust_Belt,-4.0,OPEN,,True,-15.780000000000001,Cook PVI current 2026 district map,https://www.cookpolitical.com/races,2026-08-12,partisan_lean,Lean R,R+4
IA-03,IA,3,Rust_Belt,-2.0,Zach Nunn,R,False,-3.8400000000000034,Cook PVI current 2026 district map,https://www.cookpolitical.com/races,2026-08-12,partisan_lean,Toss Up,R+2
IA-04,IA,4,Rust_Belt,-15.0,OPEN,,True,-34.44,Cook PVI current 2026 district map,https://www.cookpolitical.com/races,2026-08-12,partisan_lean,Solid R,R+15
ID-01,ID,1,Mountain,-22.0,Russ Fulcher,R,False,-47.22,Cook PVI current 2026 district map,https://www.cookpolitical.com/races,2026-08-12,partisan_lean,Solid R,R+22
ID-02,ID,2,Mountain,-13.0,Mike Simpson,R,False,-32.919999999999995,Cook PVI current 2026 district map,https://www.cookpolitical.com/races,2026-08-12,partisan_lean,Solid R,R+13
IL-01,IL,1,Rust_Belt,18.0,Jonathan Jackson,D,False,31.699999999999996,Cook PVI current 2026 district map,https://www.cookpolitical.com/races,2026-08-12,partisan_lean,Solid D,D+18
IL-02,IL,2,Rust_Belt,18.0,OPEN,,True,35.120000000000005,Cook PVI current 2026 district map,https://www.cookpolitical.com/races,2026-08-12,partisan_lean,Solid D,D+18
IL-03,IL,3,Rust_Belt,17.0,Delia Ramirez,D,False,34.580000000000005,Cook PVI current 2026 district map,https://www.cookpolitical.com/races,2026-08-12,partisan_lean,Solid D,D+17
IL-04,IL,4,Rust_Belt,17.0,OPEN,,True,42.419999999999995,Cook PVI current 2026 district map,https://www.cookpolitical.com/races,2026-08-12,partisan_lean,Solid D,D+17
IL-05,IL,5,Rust_Belt,19.0,Mike Quigley,D,False,37.94,Cook PVI current 2026 district map,https://www.cookpolitical.com/races,2026-08-12,partisan_lean,Solid D,D+19
IL-06,IL,6,Rust_Belt,3.0,Sean Casten,D,False,8.420000000000002,Cook PVI current 2026 district map,https://www.cookpolitical.com/races,2026-08-12,partisan_lean,Solid D,D+3
IL-07,IL,7,Rust_Belt,34.0,OPEN,,True,66.6,Cook PVI current 2026 district map,https://www.cookpolitical.com/races,2026-08-12,partisan_lean,Solid D,D+34
IL-08,IL,8,Rust_Belt,5.0,OPEN,,True,14.120000000000005,Cook PVI current 2026 district map,https://www.cookpolitical.com/races,2026-08-12,partisan_lean,Solid D,D+5
IL-09,IL,9,Rust_Belt,19.0,OPEN,,True,36.78,Cook PVI current 2026 district map,https://www.cookpolitical.com/races,2026-08-12,partisan_lean,Solid D,D+19
IL-10,IL,10,Rust_Belt,12.0,Brad Schneider,D,False,19.959999999999994,Cook PVI current 2026 district map,https://www.cookpolitical.com/races,2026-08-12,partisan_lean,Solid D,D+12
IL-11,IL,11,Rust_Belt,6.0,Bill Foster,D,False,11.180000000000007,Cook PVI current 2026 district map,https://www.cookpolitical.com/races,2026-08-12,partisan_lean,Solid D,D+6
IL-12,IL,12,Rust_Belt,-22.0,Mike Bost,R,False,-48.379999999999995,Cook PVI current 2026 district map,https://www.cookpolitical.com/races,2026-08-12,partisan_lean,Solid R,R+22
IL-13,IL,13,Rust_Belt,5.0,Nikki Budzinski,D,False,16.22,Cook PVI current 2026 district map,https://www.cookpolitical.com/races,2026-08-12,partisan_lean,Solid D,D+5
IL-14,IL,14,Rust_Belt,3.0,Lauren Underwood,D,False,10.200000000000003,Cook PVI current 2026 district map,https://www.cookpolitical.com/races,2026-08-12,partisan_lean,Solid D,D+3
IL-15,IL,15,Rust_Belt,-20.0,Mary Miller,R,False,-100.0,Cook PVI current 2026 district map,https://www.cookpolitical.com/races,2026-08-12,partisan_lean,Solid R,R+20
IL-16,IL,16,Rust_Belt,-11.0,Darin LaHood,R,False,-100.0,Cook PVI current 2026 district map,https://www.cookpolitical.com/races,2026-08-12,partisan_lean,Solid R,R+11
IL-17,IL,17,Rust_Belt,3.0,Eric Sorensen,D,False,8.86,Cook PVI current 2026 district map,https://www.cookpolitical.com/races,2026-08-12,partisan_lean,Solid D,D+3
IN-01,IN,1,Rust_Belt,1.0,Frank J. Mrvan,D,False,8.64,Cook PVI current 2026 district map,https://www.cookpolitical.com/races,2026-08-12,partisan_lean,Likely D,D+1
IN-02,IN,2,Rust_Belt,-13.0,Rudy Yakym,R,False,-28.900000000000006,Cook PVI current 2026 district map,https://www.cookpolitical.com/races,2026-08-12,partisan_lean,Solid R,R+13
IN-03,IN,3,Rust_Belt,-16.0,Marlin Stutzman,R,False,-34.86000000000001,Cook PVI current 2026 district map,https://www.cookpolitical.com/races,2026-08-12,partisan_lean,Solid R,R+16
IN-04,IN,4,Rust_Belt,-15.0,Jim Baird,R,False,-35.400000000000006,Cook PVI current 2026 district map,https://www.cookpolitical.com/races,2026-08-12,partisan_lean,Solid R,R+15
IN-05,IN,5,Rust_Belt,-8.0,Victoria Spartz,R,False,-19.64,Cook PVI current 2026 district map,https://www.cookpolitical.com/races,2026-08-12,partisan_lean,Solid R,R+8
IN-06,IN,6,Rust_Belt,-16.0,Jefferson Shreve,R,False,-33.699999999999996,Cook PVI current 2026 district map,https://www.cookpolitical.com/races,2026-08-12,partisan_lean,Solid R,R+16
IN-07,IN,7,Rust_Belt,21.0,André Carson,D,False,40.47999999999999,Cook PVI current 2026 district map,https://www.cookpolitical.com/races,2026-08-12,partisan_lean,Solid D,D+21
IN-08,IN,8,Rust_Belt,-18.0,Mark Messmer,R,False,-39.53999999999999,Cook PVI current 2026 district map,https://www.cookpolitical.com/races,2026-08-12,partisan_lean,Solid R,R+18
IN-09,IN,9,Rust_Belt,-15.0,Erin Houchin,R,False,-32.56,Cook PVI current 2026 district map,https://www.cookpolitical.com/races,2026-08-12,partisan_lean,Solid R,R+15
KS-01,KS,1,Plains,-16.0,Tracey Mann,R,False,-38.28,Cook PVI current 2026 district map,https://www.cookpolitical.com/races,2026-08-12,partisan_lean,Solid R,R+16
KS-02,KS,2,Plains,-10.0,Derek Schmidt,R,False,-19.819999999999993,Cook PVI current 2026 district map,https://www.cookpolitical.com/races,2026-08-12,partisan_lean,Solid R,R+10
KS-03,KS,3,Plains,2.0,Sharice Davids,D,False,11.200000000000003,Cook PVI current 2026 district map,https://www.cookpolitical.com/races,2026-08-12,partisan_lean,Solid D,D+2
KS-04,KS,4,Plains,-12.0,Ron Estes,R,False,-30.099999999999994,Cook PVI current 2026 district map,https://www.cookpolitical.com/races,2026-08-12,partisan_lean,Solid R,R+12
KY-01,KY,1,Deep_South,-23.0,James Comer,R,False,-49.44,Cook PVI current 2026 district map,https://www.cookpolitical.com/races,2026-08-12,partisan_lean,Solid R,R+23
KY-02,KY,2,Deep_South,-20.0,Brett Guthrie,R,False,-46.199999999999996,Cook PVI current 2026 district map,https://www.cookpolitical.com/races,2026-08-12,partisan_lean,Solid R,R+20
KY-03,KY,3,Deep_South,10.0,Morgan McGarvey,D,False,23.92,Cook PVI current 2026 district map,https://www.cookpolitical.com/races,2026-08-12,partisan_lean,Solid D,D+10
KY-04,KY,4,Deep_South,-18.0,OPEN,,True,-100.0,Cook PVI current 2026 district map,https://www.cookpolitical.com/races,2026-08-12,partisan_lean,Solid R,R+18
KY-05,KY,5,Deep_South,-32.0,Hal Rogers,R,False,-100.0,Cook PVI current 2026 district map,https://www.cookpolitical.com/races,2026-08-12,partisan_lean,Solid R,R+32
KY-06,KY,6,Deep_South,-7.0,OPEN,,True,-26.08,Cook PVI current 2026 district map,https://www.cookpolitical.com/races,2026-08-12,partisan_lean,Likely R,R+7
LA-01,LA,1,Texas_Region,-20.0,Steve Scalise,R,False,-51.03999999999999,Cook PVI current 2026 district map,https://www.cookpolitical.com/races,2026-08-12,partisan_lean,Solid R,R+20
LA-02,LA,2,Texas_Region,25.0,Troy Carter,D,False,41.879999999999995,Cook PVI current 2026 district map,https://www.cookpolitical.com/races,2026-08-12,partisan_lean,Solid D,D+25
LA-03,LA,3,Texas_Region,-18.0,Clay Higgins,R,False,-49.379999999999995,Cook PVI current 2026 district map,https://www.cookpolitical.com/races,2026-08-12,partisan_lean,Solid R,R+18
LA-04,LA,4,Texas_Region,-17.0,Mike Johnson,R,False,-100.0,Cook PVI current 2026 district map,https://www.cookpolitical.com/races,2026-08-12,partisan_lean,Solid R,R+17
LA-05,LA,5,Texas_Region,-17.0,OPEN,,True,-48.120000000000005,Cook PVI current 2026 district map,https://www.cookpolitical.com/races,2026-08-12,partisan_lean,Solid R,R+17
LA-06,LA,6,Texas_Region,-16.0,OPEN,,True,24.519999999999996,Cook PVI current 2026 district map,https://www.cookpolitical.com/races,2026-08-12,partisan_lean,Solid R,R+16
MA-01,MA,1,New_England,8.0,Richard Neal,D,False,100.0,Cook PVI current 2026 district map,https://www.cookpolitical.com/races,2026-08-12,partisan_lean,Solid D,D+8
MA-02,MA,2,New_England,13.0,Jim McGovern,D,False,100.0,Cook PVI current 2026 district map,https://www.cookpolitical.com/races,2026-08-12,partisan_lean,Solid D,D+13
MA-03,MA,3,New_England,11.0,Lori Trahan,D,False,100.0,Cook PVI current 2026 district map,https://www.cookpolitical.com/races,2026-08-12,partisan_lean,Solid D,D+11
MA-04,MA,4,New_England,11.0,Jake Auchincloss,D,False,100.0,Cook PVI current 2026 district map,https://www.cookpolitical.com/races,2026-08-12,partisan_lean,Solid D,D+11
MA-05,MA,5,New_England,24.0,Katherine Clark,D,False,100.0,Cook PVI current 2026 district map,https://www.cookpolitical.com/races,2026-08-12,partisan_lean,Solid D,D+24
MA-06,MA,6,New_England,11.0,OPEN,,True,100.0,Cook PVI current 2026 district map,https://www.cookpolitical.com/races,2026-08-12,partisan_lean,Solid D,D+11
MA-07,MA,7,New_England,34.0,Ayanna Pressley,D,False,100.0,Cook PVI current 2026 district map,https://www.cookpolitical.com/races,2026-08-12,partisan_lean,Solid D,D+34
MA-08,MA,8,New_England,15.0,Stephen Lynch,D,False,41.16,Cook PVI current 2026 district map,https://www.cookpolitical.com/races,2026-08-12,partisan_lean,Solid D,D+15
MA-09,MA,9,New_England,6.0,Bill Keating,D,False,13.040000000000006,Cook PVI current 2026 district map,https://www.cookpolitical.com/races,2026-08-12,partisan_lean,Solid D,D+6
MD-01,MD,1,Mid_Atlantic_Northeast,-8.0,Andy Harris,R,False,-22.760000000000005,Cook PVI current 2026 district map,https://www.cookpolitical.com/races,2026-08-12,partisan_lean,Solid R,R+8
MD-02,MD,2,Mid_Atlantic_Northeast,10.0,Johnny Olszewski,D,False,19.08,Cook PVI current 2026 district map,https://www.cookpolitical.com/races,2026-08-12,partisan_lean,Solid D,D+10
MD-03,MD,3,Mid_Atlantic_Northeast,12.0,Sarah Elfreth,D,False,22.040000000000006,Cook PVI current 2026 district map,https://www.cookpolitical.com/races,2026-08-12,partisan_lean,Solid D,D+12
MD-04,MD,4,Mid_Atlantic_Northeast,39.0,Glenn Ivey,D,False,77.44,Cook PVI current 2026 district map,https://www.cookpolitical.com/races,2026-08-12,partisan_lean,Solid D,D+39
MD-05,MD,5,Mid_Atlantic_Northeast,17.0,OPEN,,True,35.84,Cook PVI current 2026 district map,https://www.cookpolitical.com/races,2026-08-12,partisan_lean,Solid D,D+17
MD-06,MD,6,Mid_Atlantic_Northeast,3.0,April McClain Delaney,D,False,6.340000000000003,Cook PVI current 2026 district map,https://www.cookpolitical.com/races,2026-08-12,partisan_lean,Solid D,D+3
MD-07,MD,7,Mid_Atlantic_Northeast,31.0,Kweisi Mfume,D,False,64.75999999999999,Cook PVI current 2026 district map,https://www.cookpolitical.com/races,2026-08-12,partisan_lean,Solid D,D+31
MD-08,MD,8,Mid_Atlantic_Northeast,30.0,Jamie Raskin,D,False,57.919999999999995,Cook PVI current 2026 district map,https://www.cookpolitical.com/races,2026-08-12,partisan_lean,Solid D,D+30
ME-01,ME,1,New_England,11.0,Chellie Pingree,D,False,23.459999999999994,Cook PVI current 2026 district map,https://www.cookpolitical.com/races,2026-08-12,partisan_lean,Solid D,D+11
ME-02,ME,2,New_England,-4.0,OPEN,,True,0.7000000000000028,Cook PVI current 2026 district map,https://www.cookpolitical.com/races,2026-08-12,partisan_lean,Likely R,R+4
MI-01,MI,1,Rust_Belt,-11.0,Jack Bergman,R,False,-21.879999999999995,Cook PVI current 2026 district map,https://www.cookpolitical.com/races,2026-08-12,partisan_lean,Solid R,R+11
MI-02,MI,2,Rust_Belt,-15.0,John Moolenaar,R,False,-34.54,Cook PVI current 2026 district map,https://www.cookpolitical.com/races,2026-08-12,partisan_lean,Solid R,R+15
MI-03,MI,3,Rust_Belt,4.0,Hillary Scholten,D,False,10.14,Cook PVI current 2026 district map,https://www.cookpolitical.com/races,2026-08-12,partisan_lean,Solid D,D+4
MI-04,MI,4,Rust_Belt,-3.0,Bill Huizenga,R,False,-11.900000000000006,Cook PVI current 2026 district map,https://www.cookpolitical.com/races,2026-08-12,partisan_lean,Lean R,R+3
MI-05,MI,5,Rust_Belt,-13.0,Tim Walberg,R,False,-33.44,Cook PVI current 2026 district map,https://www.cookpolitical.com/races,2026-08-12,partisan_lean,Solid R,R+13
MI-06,MI,6,Rust_Belt,12.0,Debbie Dingell,D,False,27.86,Cook PVI current 2026 district map,https://www.cookpolitical.com/races,2026-08-12,partisan_lean,Solid D,D+12
MI-07,MI,7,Rust_Belt,-0.0,Tom Barrett,R,False,-3.8400000000000034,Cook PVI current 2026 district map,https://www.cookpolitical.com/races,2026-08-12,partisan_lean,Toss Up,EVEN
MI-08,MI,8,Rust_Belt,-1.0,Kristen McDonald Rivet,D,False,6.920000000000002,Cook PVI current 2026 district map,https://www.cookpolitical.com/races,2026-08-12,partisan_lean,Lean D,R+1
MI-09,MI,9,Rust_Belt,-16.0,Lisa McClain,R,False,-38.699999999999996,Cook PVI current 2026 district map,https://www.cookpolitical.com/races,2026-08-12,partisan_lean,Solid R,R+16
MI-10,MI,10,Rust_Belt,-3.0,OPEN,,True,-6.3799999999999955,Cook PVI current 2026 district map,https://www.cookpolitical.com/races,2026-08-12,partisan_lean,Lean R,R+3
MI-11,MI,11,Rust_Belt,9.0,OPEN,,True,19.019999999999996,Cook PVI current 2026 district map,https://www.cookpolitical.com/races,2026-08-12,partisan_lean,Solid D,D+9
MI-12,MI,12,Rust_Belt,21.0,Rashida Tlaib,D,False,46.52000000000001,Cook PVI current 2026 district map,https://www.cookpolitical.com/races,2026-08-12,partisan_lean,Solid D,D+21
MI-13,MI,13,Rust_Belt,22.0,OPEN,,True,47.34,Cook PVI current 2026 district map,https://www.cookpolitical.com/races,2026-08-12,partisan_lean,Solid D,D+22
MN-01,MN,1,Rust_Belt,-6.0,Brad Finstad,R,False,-17.099999999999994,Cook PVI current 2026 district map,https://www.cookpolitical.com/races,2026-08-12,partisan_lean,Likely R,R+6
MN-02,MN,2,Rust_Belt,3.0,OPEN,,True,13.780000000000001,Cook PVI current 2026 district map,https://www.cookpolitical.com/races,2026-08-12,partisan_lean,Likely D,D+3
MN-03,MN,3,Rust_Belt,11.0,Kelly Morrison,D,False,17.0,Cook PVI current 2026 district map,https://www.cookpolitical.com/races,2026-08-12,partisan_lean,Solid D,D+11
MN-04,MN,4,Rust_Belt,18.0,Betty McCollum,D,False,34.74,Cook PVI current 2026 district map,https://www.cookpolitical.com/races,2026-08-12,partisan_lean,Solid D,D+18
MN-05,MN,5,Rust_Belt,32.0,Ilhan Omar,D,False,50.34,Cook PVI current 2026 district map,https://www.cookpolitical.com/races,2026-08-12,partisan_lean,Solid D,D+32
MN-06,MN,6,Rust_Belt,-10.0,Tom Emmer,R,False,-25.060000000000002,Cook PVI current 2026 district map,https://www.cookpolitical.com/races,2026-08-12,partisan_lean,Solid R,R+10
MN-07,MN,7,Rust_Belt,-18.0,Michelle Fischbach,R,False,-41.03999999999999,Cook PVI current 2026 district map,https://www.cookpolitical.com/races,2026-08-12,partisan_lean,Solid R,R+18
MN-08,MN,8,Rust_Belt,-7.0,Pete Stauber,R,False,-16.08,Cook PVI current 2026 district map,https://www.cookpolitical.com/races,2026-08-12,partisan_lean,Solid R,R+7
MO-01,MO,1,Deep_South,29.0,Wesley Bell,D,False,61.03999999999999,Cook PVI current 2026 district map,https://www.cookpolitical.com/races,2026-08-12,partisan_lean,Solid D,D+29
MO-02,MO,2,Deep_South,-6.0,Ann Wagner,R,False,-12.36,Cook PVI current 2026 district map,https://www.cookpolitical.com/races,2026-08-12,partisan_lean,Solid R,R+6
MO-03,MO,3,Deep_South,-10.0,Bob Onder,R,False,-26.92,Cook PVI current 2026 district map,https://www.cookpolitical.com/races,2026-08-12,partisan_lean,Solid R,R+10
MO-04,MO,4,Deep_South,-10.0,Mark Alford,R,False,-45.81999999999999,Cook PVI current 2026 district map,https://www.cookpolitical.com/races,2026-08-12,partisan_lean,Solid R,R+10
MO-05,MO,5,Deep_South,-9.0,Emanuel Cleaver,D,False,24.599999999999994,Cook PVI current 2026 district map,https://www.cookpolitical.com/races,2026-08-12,partisan_lean,Solid R,R+9
MO-06,MO,6,Deep_South,-13.0,OPEN,,True,-44.84,Cook PVI current 2026 district map,https://www.cookpolitical.com/races,2026-08-12,partisan_lean,Solid R,R+13
MO-07,MO,7,Deep_South,-21.0,Eric Burlison,R,False,-46.28,Cook PVI current 2026 district map,https://www.cookpolitical.com/races,2026-08-12,partisan_lean,Solid R,R+21
MO-08,MO,8,Deep_South,-27.0,Jason Smith,R,False,-55.47999999999999,Cook PVI current 2026 district map,https://www.cookpolitical.com/races,2026-08-12,partisan_lean,Solid R,R+27
MS-01,MS,1,Deep_South,-18.0,Trent Kelly,R,False,-39.620000000000005,Cook PVI current 2026 district map,https://www.cookpolitical.com/races,2026-08-12,partisan_lean,Solid R,R+18
MS-02,MS,2,Deep_South,11.0,Bennie Thompson,D,False,24.040000000000006,Cook PVI current 2026 district map,https://www.cookpolitical.com/races,2026-08-12,partisan_lean,Solid D,D+11
MS-03,MS,3,Deep_South,-14.0,Michael Guest,R,False,-100.0,Cook PVI current 2026 district map,https://www.cookpolitical.com/races,2026-08-12,partisan_lean,Solid R,R+14
MS-04,MS,4,Deep_South,-21.0,Mike Ezell,R,False,-47.900000000000006,Cook PVI current 2026 district map,https://www.cookpolitical.com/races,2026-08-12,partisan_lean,Solid R,R+21
MT-01,MT,1,Mountain,-5.0,OPEN,,True,-7.920000000000002,Cook PVI current 2026 district map,https://www.cookpolitical.com/races,2026-08-12,partisan_lean,Likely R,R+5
MT-02,MT,2,Mountain,-15.0,Troy Downing,R,False,-31.979999999999997,Cook PVI current 2026 district map,https://www.cookpolitical.com/races,2026-08-12,partisan_lean,Solid R,R+15
NC-01,NC,1,Southeast,-5.0,Don Davis,D,False,1.7199999999999989,Cook PVI current 2026 district map,https://www.cookpolitical.com/races,2026-08-12,partisan_lean,Lean R,R+5
NC-02,NC,2,Southeast,17.0,Deborah Ross,D,False,35.400000000000006,Cook PVI current 2026 district map,https://www.cookpolitical.com/races,2026-08-12,partisan_lean,Solid D,D+17
NC-03,NC,3,Southeast,-6.0,Greg Murphy,R,False,-100.0,Cook PVI current 2026 district map,https://www.cookpolitical.com/races,2026-08-12,partisan_lean,Solid R,R+6
NC-04,NC,4,Southeast,23.0,Valerie Foushee,D,False,46.63999999999999,Cook PVI current 2026 district map,https://www.cookpolitical.com/races,2026-08-12,partisan_lean,Solid D,D+23
NC-05,NC,5,Southeast,-9.0,Virginia Foxx,R,False,-18.939999999999998,Cook PVI current 2026 district map,https://www.cookpolitical.com/races,2026-08-12,partisan_lean,Solid R,R+9
NC-06,NC,6,Southeast,-9.0,Addison McDowell,R,False,-100.0,Cook PVI current 2026 district map,https://www.cookpolitical.com/races,2026-08-12,partisan_lean,Solid R,R+9
NC-07,NC,7,Southeast,-7.0,David Rouzer,R,False,-17.180000000000007,Cook PVI current 2026 district map,https://www.cookpolitical.com/races,2026-08-12,partisan_lean,Solid R,R+7
NC-08,NC,8,Southeast,-10.0,Mark Harris,R,False,-19.22,Cook PVI current 2026 district map,https://www.cookpolitical.com/races,2026-08-12,partisan_lean,Solid R,R+10
NC-09,NC,9,Southeast,-8.0,Richard Hudson,R,False,-19.72,Cook PVI current 2026 district map,https://www.cookpolitical.com/races,2026-08-12,partisan_lean,Solid R,R+8
NC-10,NC,10,Southeast,-9.0,Pat Harrigan,R,False,-20.159999999999997,Cook PVI current 2026 district map,https://www.cookpolitical.com/races,2026-08-12,partisan_lean,Solid R,R+9
NC-11,NC,11,Southeast,-5.0,OPEN,,True,-13.540000000000006,Cook PVI current 2026 district map,https://www.cookpolitical.com/races,2026-08-12,partisan_lean,Lean R,R+5
NC-12,NC,12,Southeast,24.0,Alma Adams,D,False,48.03999999999999,Cook PVI current 2026 district map,https://www.cookpolitical.com/races,2026-08-12,partisan_lean,Solid D,D+24
NC-13,NC,13,Southeast,-8.0,Brad Knott,R,False,-17.28,Cook PVI current 2026 district map,https://www.cookpolitical.com/races,2026-08-12,partisan_lean,Solid R,R+8
NC-14,NC,14,Southeast,-8.0,Tim Moore,R,False,-16.120000000000005,Cook PVI current 2026 district map,https://www.cookpolitical.com/races,2026-08-12,partisan_lean,Solid R,R+8
ND-01,ND,1,Plains,-18.0,Julie Fedorchak,R,False,-39.03999999999999,Cook PVI current 2026 district map,https://www.cookpolitical.com/races,2026-08-12,partisan_lean,Solid R,R+18
NE-01,NE,1,Plains,-6.0,Mike Flood,R,False,-20.200000000000003,Cook PVI current 2026 district map,https://www.cookpolitical.com/races,2026-08-12,partisan_lean,Solid R,R+6
NE-02,NE,2,Plains,3.0,OPEN,,True,-1.8599999999999994,Cook PVI current 2026 district map,https://www.cookpolitical.com/races,2026-08-12,partisan_lean,Lean D,D+3
NE-03,NE,3,Plains,-27.0,Adrian Smith,R,False,-60.84,Cook PVI current 2026 district map,https://www.cookpolitical.com/races,2026-08-12,partisan_lean,Solid R,R+27
NH-01,NH,1,New_England,2.0,OPEN,,True,8.060000000000002,Cook PVI current 2026 district map,https://www.cookpolitical.com/races,2026-08-12,partisan_lean,Likely D,D+2
NH-02,NH,2,New_England,2.0,Maggie Goodlander,D,False,5.959999999999994,Cook PVI current 2026 district map,https://www.cookpolitical.com/races,2026-08-12,partisan_lean,Solid D,D+2
NJ-01,NJ,1,Mid_Atlantic_Northeast,10.0,Donald Norcross,D,False,18.239999999999995,Cook PVI current 2026 district map,https://www.cookpolitical.com/races,2026-08-12,partisan_lean,Solid D,D+10
NJ-02,NJ,2,Mid_Atlantic_Northeast,-5.0,Jeff Van Drew,R,False,-17.019999999999996,Cook PVI current 2026 district map,https://www.cookpolitical.com/races,2026-08-12,partisan_lean,Solid R,R+5
NJ-03,NJ,3,Mid_Atlantic_Northeast,5.0,Herb Conaway,D,False,8.780000000000001,Cook PVI current 2026 district map,https://www.cookpolitical.com/races,2026-08-12,partisan_lean,Solid D,D+5
NJ-04,NJ,4,Mid_Atlantic_Northeast,-14.0,Chris Smith,R,False,-36.080000000000005,Cook PVI current 2026 district map,https://www.cookpolitical.com/races,2026-08-12,partisan_lean,Solid R,R+14
NJ-05,NJ,5,Mid_Atlantic_Northeast,2.0,Josh Gottheimer,D,False,11.519999999999996,Cook PVI current 2026 district map,https://www.cookpolitical.com/races,2026-08-12,partisan_lean,Solid D,D+2
NJ-06,NJ,6,Mid_Atlantic_Northeast,5.0,Frank Pallone,D,False,16.319999999999993,Cook PVI current 2026 district map,https://www.cookpolitical.com/races,2026-08-12,partisan_lean,Solid D,D+5
NJ-07,NJ,7,Mid_Atlantic_Northeast,-0.0,Thomas Kean Jr.,R,False,-5.5,Cook PVI current 2026 district map,https://www.cookpolitical.com/races,2026-08-12,partisan_lean,Toss Up,EVEN
NJ-08,NJ,8,Mid_Atlantic_Northeast,15.0,Rob Menendez,D,False,26.159999999999997,Cook PVI current 2026 district map,https://www.cookpolitical.com/races,2026-08-12,partisan_lean,Solid D,D+15
NJ-09,NJ,9,Mid_Atlantic_Northeast,2.0,Nellie Pou,D,False,5.060000000000002,Cook PVI current 2026 district map,https://www.cookpolitical.com/races,2026-08-12,partisan_lean,Likely D,D+2
NJ-10,NJ,10,Mid_Atlantic_Northeast,27.0,LaMonica McIver,D,False,53.97999999999999,Cook PVI current 2026 district map,https://www.cookpolitical.com/races,2026-08-12,partisan_lean,Solid D,D+27
NJ-11,NJ,11,Mid_Atlantic_Northeast,5.0,Analilia Mejia,D,False,14.980000000000004,Cook PVI current 2026 district map,https://www.cookpolitical.com/races,2026-08-12,partisan_lean,Solid D,D+5
NJ-12,NJ,12,Mid_Atlantic_Northeast,13.0,OPEN,,True,25.36,Cook PVI current 2026 district map,https://www.cookpolitical.com/races,2026-08-12,partisan_lean,Solid D,D+13
NM-01,NM,1,Southwest,7.0,Melanie Stansbury,D,False,12.739999999999995,Cook PVI current 2026 district map,https://www.cookpolitical.com/races,2026-08-12,partisan_lean,Solid D,D+7
NM-02,NM,2,Southwest,-0.0,Gabe Vasquez,D,False,4.159999999999997,Cook PVI current 2026 district map,https://www.cookpolitical.com/races,2026-08-12,partisan_lean,Lean D,EVEN
NM-03,NM,3,Southwest,3.0,Teresa Leger Fernandez,D,False,12.579999999999998,Cook PVI current 2026 district map,https://www.cookpolitical.com/races,2026-08-12,partisan_lean,Solid D,D+3
NV-01,NV,1,Southwest,2.0,Dina Titus,D,False,7.780000000000001,Cook PVI current 2026 district map,https://www.cookpolitical.com/races,2026-08-12,partisan_lean,Likely D,D+2
NV-02,NV,2,Southwest,-7.0,OPEN,,True,-100.0,Cook PVI current 2026 district map,https://www.cookpolitical.com/races,2026-08-12,partisan_lean,Solid R,R+7
NV-03,NV,3,Southwest,1.0,Susie Lee,D,False,2.739999999999995,Cook PVI current 2026 district map,https://www.cookpolitical.com/races,2026-08-12,partisan_lean,Lean D,D+1
NV-04,NV,4,Southwest,2.0,Steven Horsford,D,False,8.319999999999993,Cook PVI current 2026 district map,https://www.cookpolitical.com/races,2026-08-12,partisan_lean,Likely D,D+2
NY-01,NY,1,Mid_Atlantic_Northeast,-4.0,Nick LaLota,R,False,-5.0,Cook PVI current 2026 district map,https://www.cookpolitical.com/races,2026-08-12,partisan_lean,Solid R,R+4
NY-02,NY,2,Mid_Atlantic_Northeast,-6.0,Andrew Garbarino,R,False,-16.260000000000005,Cook PVI current 2026 district map,https://www.cookpolitical.com/races,2026-08-12,partisan_lean,Solid R,R+6
NY-03,NY,3,Mid_Atlantic_Northeast,-0.0,Tom Suozzi,D,False,7.0,Cook PVI current 2026 district map,https://www.cookpolitical.com/races,2026-08-12,partisan_lean,Lean D,EVEN
NY-04,NY,4,Mid_Atlantic_Northeast,2.0,Laura Gillen,D,False,5.799999999999997,Cook PVI current 2026 district map,https://www.cookpolitical.com/races,2026-08-12,partisan_lean,Lean D,D+2
NY-05,NY,5,Mid_Atlantic_Northeast,24.0,Gregory Meeks,D,False,49.63999999999999,Cook PVI current 2026 district map,https://www.cookpolitical.com/races,2026-08-12,partisan_lean,Solid D,D+24
NY-06,NY,6,Mid_Atlantic_Northeast,6.0,Grace Meng,D,False,26.620000000000005,Cook PVI current 2026 district map,https://www.cookpolitical.com/races,2026-08-12,partisan_lean,Solid D,D+6
NY-07,NY,7,Mid_Atlantic_Northeast,25.0,OPEN,,True,54.24000000000001,Cook PVI current 2026 district map,https://www.cookpolitical.com/races,2026-08-12,partisan_lean,Solid D,D+25
NY-08,NY,8,Mid_Atlantic_Northeast,24.0,Hakeem Jeffries,D,False,55.300000000000004,Cook PVI current 2026 district map,https://www.cookpolitical.com/races,2026-08-12,partisan_lean,Solid D,D+24
NY-09,NY,9,Mid_Atlantic_Northeast,22.0,Yvette Clarke,D,False,54.199999999999996,Cook PVI current 2026 district map,https://www.cookpolitical.com/races,2026-08-12,partisan_lean,Solid D,D+22
NY-10,NY,10,Mid_Atlantic_Northeast,32.0,OPEN,,True,69.18,Cook PVI current 2026 district map,https://www.cookpolitical.com/races,2026-08-12,partisan_lean,Solid D,D+32
NY-11,NY,11,Mid_Atlantic_Northeast,-10.0,Nicole Malliotakis,R,False,-24.120000000000005,Cook PVI current 2026 district map,https://www.cookpolitical.com/races,2026-08-12,partisan_lean,Solid R,R+10
NY-12,NY,12,Mid_Atlantic_Northeast,33.0,OPEN,,True,58.84,Cook PVI current 2026 district map,https://www.cookpolitical.com/races,2026-08-12,partisan_lean,Solid D,D+33
NY-13,NY,13,Mid_Atlantic_Northeast,32.0,OPEN,,True,70.0,Cook PVI current 2026 district map,https://www.cookpolitical.com/races,2026-08-12,partisan_lean,Solid D,D+32
NY-14,NY,14,Mid_Atlantic_Northeast,19.0,Alexandria Ocasio-Cortez,D,False,37.25999999999999,Cook PVI current 2026 district map,https://www.cookpolitical.com/races,2026-08-12,partisan_lean,Solid D,D+19
NY-15,NY,15,Mid_Atlantic_Northeast,27.0,Ritchie Torres,D,False,60.099999999999994,Cook PVI current 2026 district map,https://www.cookpolitical.com/races,2026-08-12,partisan_lean,Solid D,D+27
NY-16,NY,16,Mid_Atlantic_Northeast,18.0,George Latimer,D,False,43.16,Cook PVI current 2026 district map,https://www.cookpolitical.com/races,2026-08-12,partisan_lean,Solid D,D+18
NY-17,NY,17,Mid_Atlantic_Northeast,1.0,Mike Lawler,R,False,-1.980000000000004,Cook PVI current 2026 district map,https://www.cookpolitical.com/races,2026-08-12,partisan_lean,Toss Up,D+1
NY-18,NY,18,Mid_Atlantic_Northeast,2.0,Pat Ryan,D,False,15.540000000000006,Cook PVI current 2026 district map,https://www.cookpolitical.com/races,2026-08-12,partisan_lean,Solid D,D+2
NY-19,NY,19,Mid_Atlantic_Northeast,1.0,Josh Riley,D,False,1.8199999999999932,Cook PVI current 2026 district map,https://www.cookpolitical.com/races,2026-08-12,partisan_lean,Likely D,D+1
NY-20,NY,20,Mid_Atlantic_Northeast,8.0,Paul Tonko,D,False,24.459999999999994,Cook PVI current 2026 district map,https://www.cookpolitical.com/races,2026-08-12,partisan_lean,Solid D,D+8
NY-21,NY,21,Mid_Atlantic_Northeast,-10.0,OPEN,,True,-23.42,Cook PVI current 2026 district map,https://www.cookpolitical.com/races,2026-08-12,partisan_lean,Solid R,R+10
NY-22,NY,22,Mid_Atlantic_Northeast,4.0,John Mannion,D,False,11.340000000000003,Cook PVI current 2026 district map,https://www.cookpolitical.com/races,2026-08-12,partisan_lean,Solid D,D+4
NY-23,NY,23,Mid_Atlantic_Northeast,-10.0,Nick Langworthy,R,False,-24.980000000000004,Cook PVI current 2026 district map,https://www.cookpolitical.com/races,2026-08-12,partisan_lean,Solid R,R+10
NY-24,NY,24,Mid_Atlantic_Northeast,-11.0,Claudia Tenney,R,False,-25.36,Cook PVI current 2026 district map,https://www.cookpolitical.com/races,2026-08-12,partisan_lean,Solid R,R+11
NY-25,NY,25,Mid_Atlantic_Northeast,10.0,Joseph Morelle,D,False,17.36,Cook PVI current 2026 district map,https://www.cookpolitical.com/races,2026-08-12,partisan_lean,Solid D,D+10
NY-26,NY,26,Mid_Atlantic_Northeast,11.0,Tim Kennedy,D,False,33.48,Cook PVI current 2026 district map,https://www.cookpolitical.com/races,2026-08-12,partisan_lean,Solid D,D+11
OH-01,OH,1,Rust_Belt,-1.0,Greg Landsman,D,False,9.159999999999997,Cook PVI current 2026 district map,https://www.cookpolitical.com/races,2026-08-12,partisan_lean,Lean D,R+1
OH-02,OH,2,Rust_Belt,-21.0,David Taylor,R,False,-47.120000000000005,Cook PVI current 2026 district map,https://www.cookpolitical.com/races,2026-08-12,partisan_lean,Solid R,R+21
OH-03,OH,3,Rust_Belt,21.0,Joyce Beatty,D,False,41.47999999999999,Cook PVI current 2026 district map,https://www.cookpolitical.com/races,2026-08-12,partisan_lean,Solid D,D+21
OH-04,OH,4,Rust_Belt,-21.0,Jim Jordan,R,False,-36.919999999999995,Cook PVI current 2026 district map,https://www.cookpolitical.com/races,2026-08-12,partisan_lean,Solid R,R+21
OH-05,OH,5,Rust_Belt,-12.0,Bob Latta,R,False,-35.02,Cook PVI current 2026 district map,https://www.cookpolitical.com/races,2026-08-12,partisan_lean,Solid R,R+12
OH-06,OH,6,Rust_Belt,-17.0,Michael Rulli,R,False,-33.48,Cook PVI current 2026 district map,https://www.cookpolitical.com/races,2026-08-12,partisan_lean,Solid R,R+17
OH-07,OH,7,Rust_Belt,-5.0,Max Miller,R,False,-17.159999999999997,Cook PVI current 2026 district map,https://www.cookpolitical.com/races,2026-08-12,partisan_lean,Toss Up,R+5
OH-08,OH,8,Rust_Belt,-8.0,Warren Davidson,R,False,-25.620000000000005,Cook PVI current 2026 district map,https://www.cookpolitical.com/races,2026-08-12,partisan_lean,Solid R,R+8
OH-09,OH,9,Rust_Belt,-5.0,Marcy Kaptur,D,False,0.6599999999999966,Cook PVI current 2026 district map,https://www.cookpolitical.com/races,2026-08-12,partisan_lean,Toss Up,R+5
OH-10,OH,10,Rust_Belt,-4.0,Mike Turner,R,False,-19.019999999999996,Cook PVI current 2026 district map,https://www.cookpolitical.com/races,2026-08-12,partisan_lean,Solid R,R+4
OH-11,OH,11,Rust_Belt,28.0,Shontel Brown,D,False,59.900000000000006,Cook PVI current 2026 district map,https://www.cookpolitical.com/races,2026-08-12,partisan_lean,Solid D,D+28
OH-12,OH,12,Rust_Belt,-15.0,Troy Balderson,R,False,-37.02000000000001,Cook PVI current 2026 district map,https://www.cookpolitical.com/races,2026-08-12,partisan_lean,Solid R,R+15
OH-13,OH,13,Rust_Belt,2.0,Emilia Sykes,D,False,2.219999999999999,Cook PVI current 2026 district map,https://www.cookpolitical.com/races,2026-08-12,partisan_lean,Likely D,D+2
OH-14,OH,14,Rust_Belt,-10.0,David Joyce,R,False,-26.840000000000003,Cook PVI current 2026 district map,https://www.cookpolitical.com/races,2026-08-12,partisan_lean,Solid R,R+10
OH-15,OH,15,Rust_Belt,-5.0,Mike Carey,R,False,-12.920000000000002,Cook PVI current 2026 district map,https://www.cookpolitical.com/races,2026-08-12,partisan_lean,Solid R,R+5
OK-01,OK,1,Texas_Region,-11.0,OPEN,,True,-27.28,Cook PVI current 2026 district map,https://www.cookpolitical.com/races,2026-08-12,partisan_lean,Solid R,R+11
OK-02,OK,2,Texas_Region,-28.0,Josh Brecheen,R,False,-55.13999999999999,Cook PVI current 2026 district map,https://www.cookpolitical.com/races,2026-08-12,partisan_lean,Solid R,R+28
OK-03,OK,3,Texas_Region,-23.0,Frank Lucas,R,False,-100.0,Cook PVI current 2026 district map,https://www.cookpolitical.com/races,2026-08-12,partisan_lean,Solid R,R+23
OK-04,OK,4,Texas_Region,-17.0,Tom Cole,R,False,-39.53999999999999,Cook PVI current 2026 district map,https://www.cookpolitical.com/races,2026-08-12,partisan_lean,Solid R,R+17
OK-05,OK,5,Texas_Region,-9.0,Stephanie Bice,R,False,-21.379999999999995,Cook PVI current 2026 district map,https://www.cookpolitical.com/races,2026-08-12,partisan_lean,Solid R,R+9
OR-01,OR,1,Pacific,20.0,Suzanne Bonamici,D,False,41.900000000000006,Cook PVI current 2026 district map,https://www.cookpolitical.com/races,2026-08-12,partisan_lean,Solid D,D+20
OR-02,OR,2,Pacific,-14.0,Cliff Bentz,R,False,-32.13999999999999,Cook PVI current 2026 district map,https://www.cookpolitical.com/races,2026-08-12,partisan_lean,Solid R,R+14
OR-03,OR,3,Pacific,24.0,Maxine Dexter,D,False,45.72,Cook PVI current 2026 district map,https://www.cookpolitical.com/races,2026-08-12,partisan_lean,Solid D,D+24
OR-04,OR,4,Pacific,6.0,Val Hoyle,D,False,8.120000000000005,Cook PVI current 2026 district map,https://www.cookpolitical.com/races,2026-08-12,partisan_lean,Solid D,D+6
OR-05,OR,5,Pacific,4.0,Janelle Bynum,D,False,2.9399999999999977,Cook PVI current 2026 district map,https://www.cookpolitical.com/races,2026-08-12,partisan_lean,Solid D,D+4
OR-06,OR,6,Pacific,6.0,Andrea Salinas,D,False,6.859999999999999,Cook PVI current 2026 district map,https://www.cookpolitical.com/races,2026-08-12,partisan_lean,Solid D,D+6
PA-01,PA,1,Rust_Belt,1.0,Brian Fitzpatrick,R,False,-12.799999999999997,Cook PVI current 2026 district map,https://www.cookpolitical.com/races,2026-08-12,partisan_lean,Likely R,D+1
PA-02,PA,2,Rust_Belt,19.0,Brendan Boyle,D,False,42.919999999999995,Cook PVI current 2026 district map,https://www.cookpolitical.com/races,2026-08-12,partisan_lean,Solid D,D+19
PA-03,PA,3,Rust_Belt,40.0,OPEN,,True,100.0,Cook PVI current 2026 district map,https://www.cookpolitical.com/races,2026-08-12,partisan_lean,Solid D,D+40
PA-04,PA,4,Rust_Belt,8.0,Madeleine Dean,D,False,18.14,Cook PVI current 2026 district map,https://www.cookpolitical.com/races,2026-08-12,partisan_lean,Solid D,D+8
PA-05,PA,5,Rust_Belt,15.0,Mary Gay Scanlon,D,False,30.580000000000005,Cook PVI current 2026 district map,https://www.cookpolitical.com/races,2026-08-12,partisan_lean,Solid D,D+15
PA-06,PA,6,Rust_Belt,6.0,Chrissy Houlahan,D,False,12.400000000000006,Cook PVI current 2026 district map,https://www.cookpolitical.com/races,2026-08-12,partisan_lean,Solid D,D+6
PA-07,PA,7,Rust_Belt,-1.0,Ryan Mackenzie,R,False,-1.0,Cook PVI current 2026 district map,https://www.cookpolitical.com/races,2026-08-12,partisan_lean,Toss Up,R+1
PA-08,PA,8,Rust_Belt,-4.0,Rob Bresnahan,R,False,-1.6200000000000045,Cook PVI current 2026 district map,https://www.cookpolitical.com/races,2026-08-12,partisan_lean,Toss Up,R+4
PA-09,PA,9,Rust_Belt,-19.0,Dan Meuser,R,False,-41.02000000000001,Cook PVI current 2026 district map,https://www.cookpolitical.com/races,2026-08-12,partisan_lean,Solid R,R+19
PA-10,PA,10,Rust_Belt,-3.0,Scott Perry,R,False,-1.2600000000000051,Cook PVI current 2026 district map,https://www.cookpolitical.com/races,2026-08-12,partisan_lean,Toss Up,R+3
PA-11,PA,11,Rust_Belt,-11.0,Lloyd Smucker,R,False,-25.799999999999997,Cook PVI current 2026 district map,https://www.cookpolitical.com/races,2026-08-12,partisan_lean,Solid R,R+11
PA-12,PA,12,Rust_Belt,10.0,Summer Lee,D,False,12.819999999999993,Cook PVI current 2026 district map,https://www.cookpolitical.com/races,2026-08-12,partisan_lean,Solid D,D+10
PA-13,PA,13,Rust_Belt,-23.0,John Joyce,R,False,-48.400000000000006,Cook PVI current 2026 district map,https://www.cookpolitical.com/races,2026-08-12,partisan_lean,Solid R,R+23
PA-14,PA,14,Rust_Belt,-17.0,Guy Reschenthaler,R,False,-33.13999999999999,Cook PVI current 2026 district map,https://www.cookpolitical.com/races,2026-08-12,partisan_lean,Solid R,R+17
PA-15,PA,15,Rust_Belt,-19.0,Glenn Thompson,R,False,-42.94,Cook PVI current 2026 district map,https://www.cookpolitical.com/races,2026-08-12,partisan_lean,Solid R,R+19
PA-16,PA,16,Rust_Belt,-11.0,Mike Kelly,R,False,-27.299999999999997,Cook PVI current 2026 district map,https://www.cookpolitical.com/races,2026-08-12,partisan_lean,Solid R,R+11
PA-17,PA,17,Rust_Belt,3.0,Chris Deluzio,D,False,7.760000000000005,Cook PVI current 2026 district map,https://www.cookpolitical.com/races,2026-08-12,partisan_lean,Solid D,D+3
RI-01,RI,1,Mid_Atlantic_Northeast,12.0,Gabe Amo,D,False,32.66,Cook PVI current 2026 district map,https://www.cookpolitical.com/races,2026-08-12,partisan_lean,Solid D,D+12
RI-02,RI,2,Mid_Atlantic_Northeast,4.0,Seth Magaziner,D,False,16.760000000000005,Cook PVI current 2026 district map,https://www.cookpolitical.com/races,2026-08-12,partisan_lean,Solid D,D+4
SC-01,SC,1,Deep_South,-6.0,OPEN,,True,-16.64,Cook PVI current 2026 district map,https://www.cookpolitical.com/races,2026-08-12,partisan_lean,Likely R,R+6
SC-02,SC,2,Deep_South,-7.0,Joe Wilson,R,False,-19.340000000000003,Cook PVI current 2026 district map,https://www.cookpolitical.com/races,2026-08-12,partisan_lean,Solid R,R+7
SC-03,SC,3,Deep_South,-21.0,Sheri Biggs,R,False,-47.800000000000004,Cook PVI current 2026 district map,https://www.cookpolitical.com/races,2026-08-12,partisan_lean,Solid R,R+21
SC-04,SC,4,Deep_South,-11.0,William Timmons,R,False,-23.200000000000003,Cook PVI current 2026 district map,https://www.cookpolitical.com/races,2026-08-12,partisan_lean,Solid R,R+11
SC-05,SC,5,Deep_South,-11.0,OPEN,,True,-27.22,Cook PVI current 2026 district map,https://www.cookpolitical.com/races,2026-08-12,partisan_lean,Solid R,R+11
SC-06,SC,6,Deep_South,13.0,Jim Clyburn,D,False,23.680000000000007,Cook PVI current 2026 district map,https://www.cookpolitical.com/races,2026-08-12,partisan_lean,Solid D,D+13
SC-07,SC,7,Deep_South,-12.0,Russell Fry,R,False,-29.96,Cook PVI current 2026 district map,https://www.cookpolitical.com/races,2026-08-12,partisan_lean,Solid R,R+12
SD-01,SD,1,Plains,-15.0,OPEN,,True,-44.080000000000005,Cook PVI current 2026 district map,https://www.cookpolitical.com/races,2026-08-12,partisan_lean,Solid R,R+15
TN-01,TN,1,Deep_South,-29.0,Diana Harshbarger,R,False,-60.22,Cook PVI current 2026 district map,https://www.cookpolitical.com/races,2026-08-12,partisan_lean,Solid R,R+29
TN-02,TN,2,Deep_South,-17.0,Tim Burchett,R,False,-38.52000000000001,Cook PVI current 2026 district map,https://www.cookpolitical.com/races,2026-08-12,partisan_lean,Solid R,R+17
TN-03,TN,3,Deep_South,-18.0,Chuck Fleischmann,R,False,-39.400000000000006,Cook PVI current 2026 district map,https://www.cookpolitical.com/races,2026-08-12,partisan_lean,Solid R,R+18
TN-04,TN,4,Deep_South,-11.0,Scott DesJarlais,R,False,-44.66,Cook PVI current 2026 district map,https://www.cookpolitical.com/races,2026-08-12,partisan_lean,Solid R,R+11
TN-05,TN,5,Deep_South,-10.0,OPEN,,True,-18.040000000000006,Cook PVI current 2026 district map,https://www.cookpolitical.com/races,2026-08-12,partisan_lean,Solid R,R+10
TN-06,TN,6,Deep_South,-13.0,OPEN,,True,-36.0,Cook PVI current 2026 district map,https://www.cookpolitical.com/races,2026-08-12,partisan_lean,Solid R,R+13
TN-07,TN,7,Deep_South,-11.0,Matt Van Epps,R,False,-22.0,Cook PVI current 2026 district map,https://www.cookpolitical.com/races,2026-08-12,partisan_lean,Solid R,R+11
TN-08,TN,8,Deep_South,-10.0,David Kustoff,R,False,-47.74000000000001,Cook PVI current 2026 district map,https://www.cookpolitical.com/races,2026-08-12,partisan_lean,Solid R,R+10
TN-09,TN,9,Deep_South,-9.0,OPEN,,True,47.080000000000005,Cook PVI current 2026 district map,https://www.cookpolitical.com/races,2026-08-12,partisan_lean,Solid R,R+9
TX-01,TX,1,Texas_Region,-24.0,Nathaniel Moran,R,False,-100.0,Cook PVI current 2026 district map,https://www.cookpolitical.com/races,2026-08-12,partisan_lean,Solid R,R+24
TX-02,TX,2,Texas_Region,-11.0,OPEN,,True,-31.319999999999993,Cook PVI current 2026 district map,https://www.cookpolitical.com/races,2026-08-12,partisan_lean,Solid R,R+11
TX-03,TX,3,Texas_Region,-11.0,Keith Self,R,False,-24.900000000000006,Cook PVI current 2026 district map,https://www.cookpolitical.com/races,2026-08-12,partisan_lean,Solid R,R+11
TX-04,TX,4,Texas_Region,-12.0,Pat Fallon,R,False,-36.75999999999999,Cook PVI current 2026 district map,https://www.cookpolitical.com/races,2026-08-12,partisan_lean,Solid R,R+12
TX-05,TX,5,Texas_Region,-10.0,Lance Gooden,R,False,-28.159999999999997,Cook PVI current 2026 district map,https://www.cookpolitical.com/races,2026-08-12,partisan_lean,Solid R,R+10
TX-06,TX,6,Texas_Region,-11.0,Jake Ellzey,R,False,-31.360000000000007,Cook PVI current 2026 district map,https://www.cookpolitical.com/races,2026-08-12,partisan_lean,Solid R,R+11
TX-07,TX,7,Texas_Region,13.0,Lizzie Fletcher,D,False,22.560000000000002,Cook PVI current 2026 district map,https://www.cookpolitical.com/races,2026-08-12,partisan_lean,Solid D,D+13
TX-08,TX,8,Texas_Region,-13.0,OPEN,,True,-36.44,Cook PVI current 2026 district map,https://www.cookpolitical.com/races,2026-08-12,partisan_lean,Solid R,R+13
TX-09,TX,9,Texas_Region,-9.0,OPEN,,True,100.0,Cook PVI current 2026 district map,https://www.cookpolitical.com/races,2026-08-12,partisan_lean,Solid R,R+9
TX-10,TX,10,Texas_Region,-10.0,OPEN,,True,-30.319999999999993,Cook PVI current 2026 district map,https://www.cookpolitical.com/races,2026-08-12,partisan_lean,Solid R,R+10
TX-11,TX,11,Texas_Region,-17.0,August Pfluger,R,False,-100.0,Cook PVI current 2026 district map,https://www.cookpolitical.com/races,2026-08-12,partisan_lean,Solid R,R+17
TX-12,TX,12,Texas_Region,-11.0,Craig Goldman,R,False,-26.900000000000006,Cook PVI current 2026 district map,https://www.cookpolitical.com/races,2026-08-12,partisan_lean,Solid R,R+11
TX-13,TX,13,Texas_Region,-23.0,Ronny Jackson,R,False,-100.0,Cook PVI current 2026 district map,https://www.cookpolitical.com/races,2026-08-12,partisan_lean,Solid R,R+23
TX-14,TX,14,Texas_Region,-12.0,Randy Weber,R,False,-37.379999999999995,Cook PVI current 2026 district map,https://www.cookpolitical.com/races,2026-08-12,partisan_lean,Solid R,R+12
TX-15,TX,15,Texas_Region,-7.0,Monica De La Cruz,R,False,-14.219999999999999,Cook PVI current 2026 district map,https://www.cookpolitical.com/races,2026-08-12,partisan_lean,Lean R,R+7
TX-16,TX,16,Texas_Region,11.0,Veronica Escobar,D,False,19.08,Cook PVI current 2026 district map,https://www.cookpolitical.com/races,2026-08-12,partisan_lean,Solid D,D+11
TX-17,TX,17,Texas_Region,-10.0,Pete Sessions,R,False,-32.699999999999996,Cook PVI current 2026 district map,https://www.cookpolitical.com/races,2026-08-12,partisan_lean,Solid R,R+10
TX-18,TX,18,Texas_Region,29.0,Christian Menefee,D,False,38.879999999999995,Cook PVI current 2026 district map,https://www.cookpolitical.com/races,2026-08-12,partisan_lean,Solid D,D+29
TX-19,TX,19,Texas_Region,-25.0,OPEN,,True,-100.0,Cook PVI current 2026 district map,https://www.cookpolitical.com/races,2026-08-12,partisan_lean,Solid R,R+25
TX-20,TX,20,Texas_Region,16.0,Joaquin Castro,D,False,100.0,Cook PVI current 2026 district map,https://www.cookpolitical.com/races,2026-08-12,partisan_lean,Solid D,D+16
TX-21,TX,21,Texas_Region,-10.0,OPEN,,True,-26.340000000000003,Cook PVI current 2026 district map,https://www.cookpolitical.com/races,2026-08-12,partisan_lean,Solid R,R+10
TX-22,TX,22,Texas_Region,-11.0,OPEN,,True,-24.239999999999995,Cook PVI current 2026 district map,https://www.cookpolitical.com/races,2026-08-12,partisan_lean,Solid R,R+11
TX-23,TX,23,Texas_Region,-7.0,VACANT,,True,-24.599999999999994,Cook PVI current 2026 district map,https://www.cookpolitical.com/races,2026-08-12,partisan_lean,Likely R,R+7
TX-24,TX,24,Texas_Region,-8.0,Beth Van Duyne,R,False,-20.599999999999994,Cook PVI current 2026 district map,https://www.cookpolitical.com/races,2026-08-12,partisan_lean,Solid R,R+8
TX-25,TX,25,Texas_Region,-11.0,Roger Williams,R,False,-100.0,Cook PVI current 2026 district map,https://www.cookpolitical.com/races,2026-08-12,partisan_lean,Solid R,R+11
TX-26,TX,26,Texas_Region,-11.0,Brandon Gill,R,False,-27.0,Cook PVI current 2026 district map,https://www.cookpolitical.com/races,2026-08-12,partisan_lean,Solid R,R+11
TX-27,TX,27,Texas_Region,-10.0,Michael Cloud,R,False,-32.080000000000005,Cook PVI current 2026 district map,https://www.cookpolitical.com/races,2026-08-12,partisan_lean,Solid R,R+10
TX-28,TX,28,Texas_Region,-3.0,Henry Cuellar,D,False,5.579999999999998,Cook PVI current 2026 district map,https://www.cookpolitical.com/races,2026-08-12,partisan_lean,Lean D,R+3
TX-29,TX,29,Texas_Region,17.0,Sylvia Garcia,D,False,30.580000000000005,Cook PVI current 2026 district map,https://www.cookpolitical.com/races,2026-08-12,partisan_lean,Solid D,D+17
TX-30,TX,30,Texas_Region,25.0,OPEN,,True,100.0,Cook PVI current 2026 district map,https://www.cookpolitical.com/races,2026-08-12,partisan_lean,Solid D,D+25
TX-31,TX,31,Texas_Region,-11.0,John Carter,R,False,-28.860000000000007,Cook PVI current 2026 district map,https://www.cookpolitical.com/races,2026-08-12,partisan_lean,Solid R,R+11
TX-32,TX,32,Texas_Region,-8.0,OPEN,,True,24.099999999999994,Cook PVI current 2026 district map,https://www.cookpolitical.com/races,2026-08-12,partisan_lean,Solid R,R+8
TX-33,TX,33,Texas_Region,18.0,OPEN,,True,37.580000000000005,Cook PVI current 2026 district map,https://www.cookpolitical.com/races,2026-08-12,partisan_lean,Solid D,D+18
TX-34,TX,34,Texas_Region,-3.0,Vicente Gonzalez,D,False,2.5799999999999983,Cook PVI current 2026 district map,https://www.cookpolitical.com/races,2026-08-12,partisan_lean,Toss Up,R+3
TX-35,TX,35,Texas_Region,-4.0,OPEN,,True,34.72,Cook PVI current 2026 district map,https://www.cookpolitical.com/races,2026-08-12,partisan_lean,Likely R,R+4
TX-36,TX,36,Texas_Region,-12.0,Brian Babin,R,False,-38.72,Cook PVI current 2026 district map,https://www.cookpolitical.com/races,2026-08-12,partisan_lean,Solid R,R+12
TX-37,TX,37,Texas_Region,30.0,Greg Casar,D,False,51.78,Cook PVI current 2026 district map,https://www.cookpolitical.com/races,2026-08-12,partisan_lean,Solid D,D+30
TX-38,TX,38,Texas_Region,-10.0,OPEN,,True,-25.5,Cook PVI current 2026 district map,https://www.cookpolitical.com/races,2026-08-12,partisan_lean,Solid R,R+10
UT-01,UT,1,Mountain,12.0,OPEN,,True,-32.63999999999999,Cook PVI current 2026 district map,https://www.cookpolitical.com/races,2026-08-12,partisan_lean,Solid D,D+12
UT-02,UT,2,Mountain,-15.0,Blake Moore,R,False,-25.78,Cook PVI current 2026 district map,https://www.cookpolitical.com/races,2026-08-12,partisan_lean,Solid R,R+15
UT-03,UT,3,Mountain,-21.0,Celeste Maloy,R,False,-32.78,Cook PVI current 2026 district map,https://www.cookpolitical.com/races,2026-08-12,partisan_lean,Solid R,R+21
UT-04,UT,4,Mountain,-17.0,Mike Kennedy,R,False,-35.48,Cook PVI current 2026 district map,https://www.cookpolitical.com/races,2026-08-12,partisan_lean,Solid R,R+17
VA-01,VA,1,Southeast,-3.0,Rob Wittman,R,False,-12.799999999999997,Cook PVI current 2026 district map,https://www.cookpolitical.com/races,2026-08-12,partisan_lean,Lean R,R+3
VA-02,VA,2,Southeast,-0.0,Jen Kiggans,R,False,-3.9399999999999977,Cook PVI current 2026 district map,https://www.cookpolitical.com/races,2026-08-12,partisan_lean,Toss Up,EVEN
VA-03,VA,3,Southeast,18.0,Bobby Scott,D,False,40.199999999999996,Cook PVI current 2026 district map,https://www.cookpolitical.com/races,2026-08-12,partisan_lean,Solid D,D+18
VA-04,VA,4,Southeast,17.0,Jennifer McClellan,D,False,34.98,Cook PVI current 2026 district map,https://www.cookpolitical.com/races,2026-08-12,partisan_lean,Solid D,D+17
VA-05,VA,5,Southeast,-6.0,John McGuire,R,False,-15.060000000000002,Cook PVI current 2026 district map,https://www.cookpolitical.com/races,2026-08-12,partisan_lean,Solid R,R+6
VA-06,VA,6,Southeast,-12.0,Ben Cline,R,False,-28.939999999999998,Cook PVI current 2026 district map,https://www.cookpolitical.com/races,2026-08-12,partisan_lean,Solid R,R+12
VA-07,VA,7,Southeast,2.0,Eugene Vindman,D,False,2.6400000000000006,Cook PVI current 2026 district map,https://www.cookpolitical.com/races,2026-08-12,partisan_lean,Likely D,D+2
VA-08,VA,8,Southeast,26.0,Don Beyer,D,False,48.72,Cook PVI current 2026 district map,https://www.cookpolitical.com/races,2026-08-12,partisan_lean,Solid D,D+26
VA-09,VA,9,Southeast,-22.0,Morgan Griffith,R,False,-45.24000000000001,Cook PVI current 2026 district map,https://www.cookpolitical.com/races,2026-08-12,partisan_lean,Solid R,R+22
VA-10,VA,10,Southeast,6.0,Suhas Subramanyam,D,False,4.560000000000002,Cook PVI current 2026 district map,https://www.cookpolitical.com/races,2026-08-12,partisan_lean,Solid D,D+6
VA-11,VA,11,Southeast,18.0,James Walkinshaw,D,False,33.98,Cook PVI current 2026 district map,https://www.cookpolitical.com/races,2026-08-12,partisan_lean,Solid D,D+18
VT-01,VT,1,New_England,17.0,Becca Balint,D,False,35.300000000000004,Cook PVI current 2026 district map,https://www.cookpolitical.com/races,2026-08-12,partisan_lean,Solid D,D+17
WA-01,WA,1,Pacific,15.0,Suzan DelBene,D,False,26.319999999999993,Cook PVI current 2026 district map,https://www.cookpolitical.com/races,2026-08-12,partisan_lean,Solid D,D+15
WA-02,WA,2,Pacific,12.0,Rick Larsen,D,False,28.060000000000002,Cook PVI current 2026 district map,https://www.cookpolitical.com/races,2026-08-12,partisan_lean,Solid D,D+12
WA-03,WA,3,Pacific,-2.0,Marie Gluesenkamp Perez,D,False,3.9000000000000057,Cook PVI current 2026 district map,https://www.cookpolitical.com/races,2026-08-12,partisan_lean,Toss Up,R+2
WA-04,WA,4,Pacific,-10.0,OPEN,,True,-100.0,Cook PVI current 2026 district map,https://www.cookpolitical.com/races,2026-08-12,partisan_lean,Solid R,R+10
WA-05,WA,5,Pacific,-5.0,Michael Baumgartner,R,False,-21.319999999999993,Cook PVI current 2026 district map,https://www.cookpolitical.com/races,2026-08-12,partisan_lean,Solid R,R+5
WA-06,WA,6,Pacific,10.0,Emily Randall,D,False,13.64,Cook PVI current 2026 district map,https://www.cookpolitical.com/races,2026-08-12,partisan_lean,Solid D,D+10
WA-07,WA,7,Pacific,39.0,Pramila Jayapal,D,False,68.36000000000001,Cook PVI current 2026 district map,https://www.cookpolitical.com/races,2026-08-12,partisan_lean,Solid D,D+39
WA-08,WA,8,Pacific,3.0,Kim Schrier,D,False,8.180000000000007,Cook PVI current 2026 district map,https://www.cookpolitical.com/races,2026-08-12,partisan_lean,Solid D,D+3
WA-09,WA,9,Pacific,22.0,Adam Smith,D,False,100.0,Cook PVI current 2026 district map,https://www.cookpolitical.com/races,2026-08-12,partisan_lean,Solid D,D+22
WA-10,WA,10,Pacific,9.0,Marilyn Strickland,D,False,17.340000000000003,Cook PVI current 2026 district map,https://www.cookpolitical.com/races,2026-08-12,partisan_lean,Solid D,D+9
WI-01,WI,1,Rust_Belt,-2.0,Bryan Steil,R,False,-10.420000000000002,Cook PVI current 2026 district map,https://www.cookpolitical.com/races,2026-08-12,partisan_lean,Likely R,R+2
WI-02,WI,2,Rust_Belt,21.0,Mark Pocan,D,False,40.28,Cook PVI current 2026 district map,https://www.cookpolitical.com/races,2026-08-12,partisan_lean,Solid D,D+21
WI-03,WI,3,Rust_Belt,-3.0,Derrick Van Orden,R,False,-2.719999999999999,Cook PVI current 2026 district map,https://www.cookpolitical.com/races,2026-08-12,partisan_lean,Toss Up,R+3
WI-04,WI,4,Rust_Belt,26.0,Gwen Moore,D,False,53.879999999999995,Cook PVI current 2026 district map,https://www.cookpolitical.com/races,2026-08-12,partisan_lean,Solid D,D+26
WI-05,WI,5,Rust_Belt,-11.0,Scott Fitzgerald,R,False,-28.939999999999998,Cook PVI current 2026 district map,https://www.cookpolitical.com/races,2026-08-12,partisan_lean,Solid R,R+11
WI-06,WI,6,Rust_Belt,-8.0,Glenn Grothman,R,False,-22.599999999999994,Cook PVI current 2026 district map,https://www.cookpolitical.com/races,2026-08-12,partisan_lean,Solid R,R+8
WI-07,WI,7,Rust_Belt,-11.0,OPEN,,True,-27.22,Cook PVI current 2026 district map,https://www.cookpolitical.com/races,2026-08-12,partisan_lean,Solid R,R+11
WI-08,WI,8,Rust_Belt,-8.0,Tony Wied,R,False,-14.659999999999997,Cook PVI current 2026 district map,https://www.cookpolitical.com/races,2026-08-12,partisan_lean,Solid R,R+8
WV-01,WV,1,Deep_South,-22.0,Carol Miller,R,False,-43.46000000000001,Cook PVI current 2026 district map,https://www.cookpolitical.com/races,2026-08-12,partisan_lean,Solid R,R+22
WV-02,WV,2,Deep_South,-20.0,Riley Moore,R,False,-41.53999999999999,Cook PVI current 2026 district map,https://www.cookpolitical.com/races,2026-08-12,partisan_lean,Solid R,R+20
WY-01,WY,1,Mountain,-23.0,OPEN,,True,-50.47999999999999,Cook PVI current 2026 district map,https://www.cookpolitical.com/races,2026-08-12,partisan_lean,Solid R,R+23
