race_id,date,pollster,grade,sample_size,population,margin_of_error,observation_std,partisan,dem_candidate,rep_candidate,dem_pct,rep_pct,margin,matchup,source_url,provider,aggregation_level
AK,2026-10-01,Silver Bulletin maintained average,external_aggregate,,likely-voter-adjusted average,,1.5,,"PELTOLA, MARY","SULLIVAN, DAN",47.48,44.92,2.559999999999995,"PELTOLA, MARY|SULLIVAN, DAN",https://www.natesilver.net/p/nate-silver-2026-midterm-election-polls-model,Silver Bulletin,maintained_average
AL-02,2026-10-01,Silver Bulletin maintained average,external_aggregate,,likely-voter-adjusted average,,1.5,,Shomari Figures,"MARQUES, RHETT",44.96,48.02,-3.0600000000000023,"Shomari Figures|MARQUES, RHETT",https://www.natesilver.net/p/nate-silver-2026-midterm-election-polls-model,Silver Bulletin,maintained_average
AR,2026-10-01,Silver Bulletin maintained average,external_aggregate,,likely-voter-adjusted average,,1.5,,"SHOFFNER, HALLIE","COTTON, THOMAS",41.04,47.63,-6.590000000000003,"SHOFFNER, HALLIE|COTTON, THOMAS",https://www.natesilver.net/p/nate-silver-2026-midterm-election-polls-model,Silver Bulletin,maintained_average
FL,2026-10-01,Silver Bulletin maintained average,external_aggregate,,likely-voter-adjusted average,,1.5,,"NIXON, ANGELA","MOODY, ASHLEY",42.86,48.51,-5.649999999999999,"NIXON, ANGELA|MOODY, ASHLEY",https://www.natesilver.net/p/nate-silver-2026-midterm-election-polls-model,Silver Bulletin,maintained_average
FL-13,2026-10-01,Silver Bulletin maintained average,external_aggregate,,likely-voter-adjusted average,,1.5,,"GRAY, LEELA J",Anna Paulina Luna,44.39,46.89,-2.5,"GRAY, LEELA J|Anna Paulina Luna",https://www.natesilver.net/p/nate-silver-2026-midterm-election-polls-model,Silver Bulletin,maintained_average
FL-22,2026-10-01,Silver Bulletin maintained average,external_aggregate,,likely-voter-adjusted average,,1.5,,"DANDIYA, PIA","ASKAR, CASEY",46.92,46.93,-0.00999999999999801,"DANDIYA, PIA|ASKAR, CASEY",https://www.natesilver.net/p/nate-silver-2026-midterm-election-polls-model,Silver Bulletin,maintained_average
IA,2026-10-01,Silver Bulletin maintained average,external_aggregate,,likely-voter-adjusted average,,1.5,,"TUREK, JOSHUA","ARENHOLZ, ASHLEY HINSON",46.5,44.85,1.6499999999999986,"TUREK, JOSHUA|ARENHOLZ, ASHLEY HINSON",https://www.natesilver.net/p/nate-silver-2026-midterm-election-polls-model,Silver Bulletin,maintained_average
KY-06,2026-10-01,Silver Bulletin maintained average,external_aggregate,,likely-voter-adjusted average,,1.5,,"DEMBO, ZACH","ALVARADO, RALPH A",43.23,46.02,-2.7900000000000063,"DEMBO, ZACH|ALVARADO, RALPH A",https://www.natesilver.net/p/nate-silver-2026-midterm-election-polls-model,Silver Bulletin,maintained_average
MA,2026-10-01,Silver Bulletin maintained average,external_aggregate,,likely-voter-adjusted average,,1.5,,"MARKEY, EDWARD SEN.","DEATON, JOHN",54.37,29.44,24.929999999999996,"MARKEY, EDWARD SEN.|DEATON, JOHN",https://www.natesilver.net/p/nate-silver-2026-midterm-election-polls-model,Silver Bulletin,maintained_average
ME,2026-10-01,Silver Bulletin maintained average,external_aggregate,,likely-voter-adjusted average,,1.5,,"JACKSON, TROY DALE","COLLINS, SUSAN M.",48.11,45.95,2.1599999999999966,"JACKSON, TROY DALE|COLLINS, SUSAN M.",https://www.natesilver.net/p/nate-silver-2026-midterm-election-polls-model,Silver Bulletin,maintained_average
ME-02,2026-10-01,Silver Bulletin maintained average,external_aggregate,,likely-voter-adjusted average,,1.5,,"DUNLAP, MATT","LEPAGE, PAUL",49.13,47.82,1.3100000000000023,"DUNLAP, MATT|LEPAGE, PAUL",https://www.natesilver.net/p/nate-silver-2026-midterm-election-polls-model,Silver Bulletin,maintained_average
MI,2026-10-01,Silver Bulletin maintained average,external_aggregate,,likely-voter-adjusted average,,1.5,,"EL-SAYED, ABDUL","ROGERS, MICHAEL J",48.08,44.37,3.710000000000001,"EL-SAYED, ABDUL|ROGERS, MICHAEL J",https://www.natesilver.net/p/nate-silver-2026-midterm-election-polls-model,Silver Bulletin,maintained_average
MI-04,2026-10-01,Silver Bulletin maintained average,external_aggregate,,likely-voter-adjusted average,,1.5,,"MCCANN, SEAN",Bill Huizenga,45.85,46.46,-0.6099999999999994,"MCCANN, SEAN|Bill Huizenga",https://www.natesilver.net/p/nate-silver-2026-midterm-election-polls-model,Silver Bulletin,maintained_average
MN,2026-10-01,Silver Bulletin maintained average,external_aggregate,,likely-voter-adjusted average,,1.5,,"FLANAGAN, MARGARET","TAFOYA, MICHELE",45.47,42.91,2.5600000000000023,"FLANAGAN, MARGARET|TAFOYA, MICHELE",https://www.natesilver.net/p/nate-silver-2026-midterm-election-polls-model,Silver Bulletin,maintained_average
MN-01,2026-10-01,Silver Bulletin maintained average,external_aggregate,,likely-voter-adjusted average,,1.5,,"JOHNSON, JACOB",Brad Finstad,44.92,47.88,-2.960000000000001,"JOHNSON, JACOB|Brad Finstad",https://www.natesilver.net/p/nate-silver-2026-midterm-election-polls-model,Silver Bulletin,maintained_average
MT-01,2026-10-01,Silver Bulletin maintained average,external_aggregate,,likely-voter-adjusted average,,1.5,,"FORSTAG, SAMUEL KELLEY","FLINT, AARON",45.55,45.18,0.36999999999999744,"FORSTAG, SAMUEL KELLEY|FLINT, AARON",https://www.natesilver.net/p/nate-silver-2026-midterm-election-polls-model,Silver Bulletin,maintained_average
NC,2026-10-01,Silver Bulletin maintained average,external_aggregate,,likely-voter-adjusted average,,1.5,,"COOPER, ROY","WHATLEY, MICHAEL",50.73,41.46,9.269999999999996,"COOPER, ROY|WHATLEY, MICHAEL",https://www.natesilver.net/p/nate-silver-2026-midterm-election-polls-model,Silver Bulletin,maintained_average
NC-01,2026-10-01,Silver Bulletin maintained average,external_aggregate,,likely-voter-adjusted average,,1.5,,Donald G. Davis,"BUCKHOUT, LAURIE",46.66,43.46,3.1999999999999957,"Donald G. Davis|BUCKHOUT, LAURIE",https://www.natesilver.net/p/nate-silver-2026-midterm-election-polls-model,Silver Bulletin,maintained_average
NH,2026-10-01,Silver Bulletin maintained average,external_aggregate,,likely-voter-adjusted average,,1.5,,"PAPPAS, CHRIS","SUNUNU, JOHN E",47.6,40.31,7.289999999999999,"PAPPAS, CHRIS|SUNUNU, JOHN E",https://www.natesilver.net/p/nate-silver-2026-midterm-election-polls-model,Silver Bulletin,maintained_average
NH-02,2026-10-01,Silver Bulletin maintained average,external_aggregate,,likely-voter-adjusted average,,1.5,,Maggie Goodlander,"WILLIAMS, LILY TANG",53.61,34.68,18.93,"Maggie Goodlander|WILLIAMS, LILY TANG",https://www.natesilver.net/p/nate-silver-2026-midterm-election-polls-model,Silver Bulletin,maintained_average
NV-02,2026-10-01,Silver Bulletin maintained average,external_aggregate,,likely-voter-adjusted average,,1.5,,"BENITEZ-THOMPSON, TERESA","FLIPPO, DAVID",39.6,41.88,-2.280000000000001,"BENITEZ-THOMPSON, TERESA|FLIPPO, DAVID",https://www.natesilver.net/p/nate-silver-2026-midterm-election-polls-model,Silver Bulletin,maintained_average
NY-17,2026-10-01,Silver Bulletin maintained average,external_aggregate,,likely-voter-adjusted average,,1.5,,"CONLEY, CAIT",Michael Lawler,47.54,46.86,0.6799999999999997,"CONLEY, CAIT|Michael Lawler",https://www.natesilver.net/p/nate-silver-2026-midterm-election-polls-model,Silver Bulletin,maintained_average
NY-21,2026-10-01,Silver Bulletin maintained average,external_aggregate,,likely-voter-adjusted average,,1.5,,"GENDEBIEN, BLAKE","CONSTANTINO, ANTHONY THOMAS",43.23,47.79,-4.560000000000002,"GENDEBIEN, BLAKE|CONSTANTINO, ANTHONY THOMAS",https://www.natesilver.net/p/nate-silver-2026-midterm-election-polls-model,Silver Bulletin,maintained_average
OH,2026-10-01,Silver Bulletin maintained average,external_aggregate,,likely-voter-adjusted average,,1.5,,"BROWN, SHERROD","HUSTED, JON",48.3,43.98,4.32,"BROWN, SHERROD|HUSTED, JON",https://www.natesilver.net/p/nate-silver-2026-midterm-election-polls-model,Silver Bulletin,maintained_average
OH-07,2026-10-01,Silver Bulletin maintained average,external_aggregate,,likely-voter-adjusted average,,1.5,,"POINDEXTER, BRIAN",Max L. Miller,47.83,41.7,6.1299999999999955,"POINDEXTER, BRIAN|Max L. Miller",https://www.natesilver.net/p/nate-silver-2026-midterm-election-polls-model,Silver Bulletin,maintained_average
PA-01,2026-10-01,Silver Bulletin maintained average,external_aggregate,,likely-voter-adjusted average,,1.5,,"HARVIE, ROBERT J",Brian K. Fitzpatrick,45.86,50.1,-4.240000000000002,"HARVIE, ROBERT J|Brian K. Fitzpatrick",https://www.natesilver.net/p/nate-silver-2026-midterm-election-polls-model,Silver Bulletin,maintained_average
PA-10,2026-10-01,Silver Bulletin maintained average,external_aggregate,,likely-voter-adjusted average,,1.5,,"STELSON, JANELLE",Scott Perry,50.94,45.78,5.159999999999997,"STELSON, JANELLE|Scott Perry",https://www.natesilver.net/p/nate-silver-2026-midterm-election-polls-model,Silver Bulletin,maintained_average
SC,2026-10-01,Silver Bulletin maintained average,external_aggregate,,likely-voter-adjusted average,,1.5,,"ANDREWS, ANNIE","GRAHAM, LINDSEY O.",42.39,44.13,-1.740000000000002,"ANDREWS, ANNIE|GRAHAM, LINDSEY O.",https://www.natesilver.net/p/nate-silver-2026-midterm-election-polls-model,Silver Bulletin,maintained_average
TX,2026-10-01,Silver Bulletin maintained average,external_aggregate,,likely-voter-adjusted average,,1.5,,"TALARICO, JAMES","PAXTON, WARREN KENNETH JR.",48.66,45.3,3.3599999999999994,"TALARICO, JAMES|PAXTON, WARREN KENNETH JR.",https://www.natesilver.net/p/nate-silver-2026-midterm-election-polls-model,Silver Bulletin,maintained_average
TX-15,2026-10-01,Silver Bulletin maintained average,external_aggregate,,likely-voter-adjusted average,,1.5,,"PULIDO, BOBBY",Monica De La Cruz,51.51,43.63,7.8799999999999955,"PULIDO, BOBBY|Monica De La Cruz",https://www.natesilver.net/p/nate-silver-2026-midterm-election-polls-model,Silver Bulletin,maintained_average
VA-01,2026-10-01,Silver Bulletin maintained average,external_aggregate,,likely-voter-adjusted average,,1.5,,"TAYLOR, SHANNON LEIGH",Robert J. Wittman,48.17,46.84,1.3299999999999983,"TAYLOR, SHANNON LEIGH|Robert J. Wittman",https://www.natesilver.net/p/nate-silver-2026-midterm-election-polls-model,Silver Bulletin,maintained_average
VT-01,2026-10-01,Silver Bulletin maintained average,external_aggregate,,likely-voter-adjusted average,,1.5,,Becca Balint,"MALLOY, GERALD MR.",54.71,30.48,24.23,"Becca Balint|MALLOY, GERALD MR.",https://www.natesilver.net/p/nate-silver-2026-midterm-election-polls-model,Silver Bulletin,maintained_average
WA-03,2026-10-01,Silver Bulletin maintained average,external_aggregate,,likely-voter-adjusted average,,1.5,,Marie Gluesenkamp Perez,"BRAUN, JOHN",44.65,45.83,-1.1799999999999997,"Marie Gluesenkamp Perez|BRAUN, JOHN",https://www.natesilver.net/p/nate-silver-2026-midterm-election-polls-model,Silver Bulletin,maintained_average
WI-01,2026-10-01,Silver Bulletin maintained average,external_aggregate,,likely-voter-adjusted average,,1.5,,"BERMAN, MITCHELL",Bryan Steil,46.22,50.02,-3.8000000000000043,"BERMAN, MITCHELL|Bryan Steil",https://www.natesilver.net/p/nate-silver-2026-midterm-election-polls-model,Silver Bulletin,maintained_average
WI-03,2026-10-01,Silver Bulletin maintained average,external_aggregate,,likely-voter-adjusted average,,1.5,,"COOKE, REBECCA",Derrick Van Orden,48.97,47.52,1.4499999999999957,"COOKE, REBECCA|Derrick Van Orden",https://www.natesilver.net/p/nate-silver-2026-midterm-election-polls-model,Silver Bulletin,maintained_average
